Day,"Ad name","Amount spent (USD)","Result type",Results,Impressions,"Link clicks","3-second video plays","Purchases conversion value","Video average play time","Video plays at 75%","Video plays","Preview link","Reporting starts","Reporting ends"
2025-08-18,"Ad - FLA FB Video 82 V1",69.8,"Website purchases",4,1637,35,272,95.15,3,36,1327,https://www.facebook.com/?feed_demo_ad=120232997752580627&h=AQBCSATJJFkSHwa7TLE,2025-08-18,2025-08-18
2025-08-18,"Ad - FLA FB Video 77 V3",9.81,,,606,1,185,,3,8,577,https://www.facebook.com/?feed_demo_ad=120224720837520627&h=AQA3scIgwpxP5NDXoqY,2025-08-18,2025-08-18
2025-08-18,"Ad - FLA FB Video 60 V5",20.25,"Website purchases",1,1060,26,217,6,3,36,1026,https://www.facebook.com/?feed_demo_ad=120229033018890627&h=AQCIwwzsk6r6LIiCD_Q,2025-08-18,2025-08-18
2025-08-18,"Ad - FLA FB Video 60 V5",8.55,,,463,12,99,,3,16,450,https://www.facebook.com/?feed_demo_ad=120229032912620627&h=AQDKdujTMxQK4LY31Tg,2025-08-18,2025-08-18
2025-08-18,"Ad - FLA FB Video 60 V2",1741.55,"Website purchases",72,83410,789,15252,1630.17,3,1975,81215,https://www.facebook.com/?feed_demo_ad=120229032849780627&h=AQB085_ipEUAlOu8P10,2025-08-18,2025-08-18
2025-08-18,"Ad - FLA FB Video 54 V5.1",3.68,,,205,2,18,,2,1,193,https://www.facebook.com/?feed_demo_ad=120227916560680627&h=AQAopBjtmtwNHgvHRMI,2025-08-18,2025-08-18
2025-08-18,"Ad - FLA FB Video 54 V5",3.71,,,145,4,15,,5,4,143,https://www.facebook.com/?feed_demo_ad=120227907169940627&h=AQCs8_LwmxQtpU-qjEc,2025-08-18,2025-08-18
2025-08-18,"Ad - FLA FB Video 54 V1",10.17,,,481,8,59,,3,10,472,https://www.facebook.com/?feed_demo_ad=120227916189730627&h=AQAhf__pXF4eKPZjeu4,2025-08-18,2025-08-18
2025-08-18,"Ad - FLA FB Video 54 V5.1",2.58,,,123,1,18,,3,4,115,https://www.facebook.com/?feed_demo_ad=120227907894500627&h=AQBPqgtma9K3anyOjxA,2025-08-18,2025-08-18
2025-08-18,"Ad - FLA FB Video 54 V3",12.14,,,475,29,98,,4,28,460,https://www.facebook.com/?feed_demo_ad=120227907691960627&h=AQBaRgI-_w3yZbMat_g,2025-08-18,2025-08-18
2025-08-18,"Ad - FLA FB Image 22 V14",2.96,,,155,3,,,,,,https://www.facebook.com/?feed_demo_ad=120226866104570627&h=AQA5r6F7Aquy52B6Smk,2025-08-18,2025-08-18
2025-08-18,"Ad - FLA FB Image 22 V14",66.75,"Website purchases",3,4528,16,,146.5,,,,https://www.facebook.com/?feed_demo_ad=120226866294590627&h=AQAu_L1xk_kdr63jmz4,2025-08-18,2025-08-18
2025-08-18,"Ad - FLA FB Image 5 V14",68.29,"Website purchases",5,2768,12,,139.79,,,,https://www.facebook.com/?feed_demo_ad=120226240542050627&h=AQASX0QTdVHWjHaOPlY,2025-08-18,2025-08-18
2025-08-18,"Ad - FLA FB Image 5 V14",587.82,"Website purchases",35,15311,217,,697.06,,,,https://www.facebook.com/?feed_demo_ad=120226240213050627&h=AQCkSm8n-cShM_tfsTY,2025-08-18,2025-08-18
2025-08-18,"Ad - FLA FB Video 91 V1",10.35,,,346,11,55,,5,7,193,https://www.facebook.com/?feed_demo_ad=120225703103940627&h=AQDdY0ZJdVwOi0pquvI,2025-08-18,2025-08-18
2025-08-18,"Ad - FLA FB Video 77 V1",50.66,"Website purchases",4,2999,12,774,85.84,7,47,2324,https://www.facebook.com/?feed_demo_ad=120224720837550627&h=AQAlhbGzwZILkvswmdQ,2025-08-18,2025-08-18
2025-08-18,"Ad - FLA FB Video 77 V1",96.81,"Website purchases",5,5424,23,1365,32.64,3,75,4094,https://www.facebook.com/?feed_demo_ad=120224720816790627&h=AQB7IEcajFtRCSHraqc,2025-08-18,2025-08-18
2025-08-18,"Ad - FLA FB Video 64 V2",1066.03,"Website purchases",64,44669,882,9275,1454.31,3,860,41509,https://www.facebook.com/?feed_demo_ad=120229033210670627&h=AQCe5Vx3KKAjJusfs-k,2025-08-18,2025-08-18
2025-08-18,"Ad - FLA FB Video 77 V1",3256.79,"Website purchases",126,128026,1277,44304,3082.79,5,2990,97727,https://www.facebook.com/?feed_demo_ad=120224720703580627&h=AQAeVKYf3MZf3TgKBv8,2025-08-18,2025-08-18
2025-08-18,"Ad - FLA FB Video 77 V3",4.84,,,266,6,104,,6,13,230,https://www.facebook.com/?feed_demo_ad=120224720074470627&h=AQANb5CpTeBK-yKL9dI,2025-08-18,2025-08-18
2025-08-18,"Ad - FLA FB Video 77 V2",9.3,,,595,5,259,,4,14,586,https://www.facebook.com/?feed_demo_ad=120224719536490627&h=AQAhE_QBcl0Tb5Ceh_g,2025-08-18,2025-08-18
2025-08-18,"Ad - FLA FB Video 77 V1",59.71,"Website purchases",3,2308,19,454,53.17,4,41,1206,https://www.facebook.com/?feed_demo_ad=120224719060270627&h=AQBwDlw0DggBlrkodDM,2025-08-18,2025-08-18
2025-08-18,"Ad - FLA FB Video 89 V1",34.65,"Website purchases",1,1158,16,283,23.55,3,36,881,https://www.facebook.com/?feed_demo_ad=120221416279020627&h=AQAQN53RcnoFo4rgXkA,2025-08-18,2025-08-18
2025-08-18,"Ad - FLA FB Video 89 V5.1",20.02,,,981,54,340,,6,85,617,https://www.facebook.com/?feed_demo_ad=120221415977250627&h=AQAP9Rg2CxRxZVYQ9DQ,2025-08-18,2025-08-18
2025-08-18,"Ad - FLA FB Video 89 V1",615.47,"Website purchases",34,15184,383,4695,772.76,5,913,12062,https://www.facebook.com/?feed_demo_ad=120221413007090627&h=AQBrg-oz61gLxpdJybo,2025-08-18,2025-08-18
2025-08-18,"Ad - FLA FB Image 6 V14",12.76,,,258,1,,,,,,https://www.facebook.com/?feed_demo_ad=120216092019000627&h=AQDhL_bHAuYt2moMY0w,2025-08-18,2025-08-18
2025-08-18,"Ad - FLA FB Image 6 V14",2170.31,"Website purchases",122,37799,710,,3369.41,,,,https://www.facebook.com/?feed_demo_ad=120217139460020627&h=AQAJDBl0jCnPWfcNkjU,2025-08-18,2025-08-18
2025-08-18,"Ad - FLA FB Image 6 V14",60.48,"Website purchases",4,1323,21,,144.3,,,,https://www.facebook.com/?feed_demo_ad=120216352965810627&h=AQBFA43azxNWyutcWbM,2025-08-18,2025-08-18
2025-08-18,"Ad - FLA FB Image 6 V14",73.83,"Website purchases",2,1888,23,,55.83,,,,https://www.facebook.com/?feed_demo_ad=120216353077850627&h=AQCm7uQkpxB3K2YqRWE,2025-08-18,2025-08-18
2025-08-18,"Ad - FLA FB Image 6 V14",1022.6,"Website purchases",35,25930,229,,1204.62,,,,https://www.facebook.com/?feed_demo_ad=120217139546990627&h=AQCcZZDQ6MfL9CWFESA,2025-08-18,2025-08-18
2025-08-18,"Ad - FLA FB Image 9 V14",6.34,,,359,9,,,,,,https://www.facebook.com/?feed_demo_ad=120216353077800627&h=AQDLu73gWn84I5EbW5Y,2025-08-18,2025-08-18
2025-08-18,"Ad - FLA FB Image 13 V14",849.21,"Website purchases",39,39697,346,,802.54,,,,https://www.facebook.com/?feed_demo_ad=120218959258840627&h=AQDMGL91vwfKks1Sjhw,2025-08-18,2025-08-18
2025-08-18,"Ad - FLA FB Video 60 V5.1",23.36,"Website purchases",1,1106,21,207,15.64,3,37,1062,https://www.facebook.com/?feed_demo_ad=120229033040700627&h=AQBu0HAomij4B9d2180,2025-08-18,2025-08-18
2025-08-18,"Ad - FLA FB Video 60 V1",9.3,"Website purchases",2,478,3,106,12.25,3,14,452,https://www.facebook.com/?feed_demo_ad=120229032155890627&h=AQCDv4MyrC0CL0Zg0gQ,2025-08-18,2025-08-18
2025-08-18,"Ad - FLA FB Video 64 V5",124.51,"Website purchases",7,5093,106,785,326.25,3,136,4996,https://www.facebook.com/?feed_demo_ad=120229033528860627&h=AQC5CbMuZgvdx2m8AoA,2025-08-18,2025-08-18
2025-08-18,"Ad - FLA FB Video 82 V3",75.15,"Website purchases",3,2431,24,361,99.5,2,32,2077,https://www.facebook.com/?feed_demo_ad=120232997752660627&h=AQDGeQn8cjuwE3Pl-iA,2025-08-18,2025-08-18
2025-08-18,"Ad - FLA FB Image 34",23.45,"Website purchases",1,987,5,,80.25,,,,https://www.facebook.com/?feed_demo_ad=120232572095330627&h=AQC_H7ESyTwjZHRGEGw,2025-08-18,2025-08-18
2025-08-18,"Ad - FLA FB Image 33",25.38,"Website purchases",1,1035,14,,6,,,,https://www.facebook.com/?feed_demo_ad=120232572095320627&h=AQC3wDLBPk8MlnICdM0,2025-08-18,2025-08-18
2025-08-18,"Ad - FLA FB Image 32",31.3,"Website purchases",1,1171,11,,7.3,,,,https://www.facebook.com/?feed_demo_ad=120232572095310627&h=AQBo-6ITMk50oiYHaAA,2025-08-18,2025-08-18
2025-08-18,"Ad - FLA FB Video 64 V5.1",14.82,,,613,38,135,,5,28,596,https://www.facebook.com/?feed_demo_ad=120229033575960627&h=AQApniKOTnrjr3Omcr8,2025-08-18,2025-08-18
2025-08-18,"Ad - FLA FB Image 35",36.86,"Website purchases",4,1584,13,,23.72,,,,https://www.facebook.com/?feed_demo_ad=120232572095250627&h=AQBRT56ag_Qyligh9e4,2025-08-18,2025-08-18
2025-08-18,"Ad - FLA FB Video 82 V5",10.97,,,309,5,42,,3,7,210,https://www.facebook.com/?feed_demo_ad=120232997525650627&h=AQAtXYPk-2cdWJg-5nc,2025-08-18,2025-08-18
2025-08-18,"Ad - FLA FB Video 82 V5",33.87,,,1024,14,142,,2,14,906,https://www.facebook.com/?feed_demo_ad=120232997752650627&h=AQCJmJqZ1gYR4J8vgI4,2025-08-18,2025-08-18
2025-08-18,"Ad - FLA FB Image 33",0.02,,,1,,,,,,,https://www.facebook.com/?feed_demo_ad=120232571818480627&h=AQDLSVqEiR6mzAbJUUE,2025-08-18,2025-08-18
2025-08-18,"Ad - FLA FB Video 82 V1",14.15,,,342,4,74,,5,20,273,https://www.facebook.com/?feed_demo_ad=120232996572510627&h=AQAeYOwP-Cynn7Bwc-k,2025-08-18,2025-08-18
2025-08-18,"Ad - FLA FB Video 82 V2",8.64,,,288,2,51,,4,12,212,https://www.facebook.com/?feed_demo_ad=120232996966720627&h=AQBcMfndN-xMaTZW2Pc,2025-08-18,2025-08-18
2025-08-18,"Ad - FLA FB Video 82 V3",18.58,,,481,9,106,,3,13,407,https://www.facebook.com/?feed_demo_ad=120232997207390627&h=AQDC-8ZkRJoe9LE35cc,2025-08-18,2025-08-18
2025-08-18,"Ad - FLA FB Video 82 V4",6.11,"Website purchases",1,156,5,40,32.52,4,3,126,https://www.facebook.com/?feed_demo_ad=120232997420250627&h=AQD4MovE-5bnyCWxSj0,2025-08-18,2025-08-18
2025-08-18,"Ad - FLA FB Video 82 V4",28.92,"Website purchases",1,980,13,144,10.7,3,17,861,https://www.facebook.com/?feed_demo_ad=120232997752640627&h=AQDxa0DR9tnQTVEpBSg,2025-08-18,2025-08-18
2025-08-18,"Ad - FLA FB Video 82 V2",51.3,"Website purchases",2,1841,25,274,9.55,2,21,1597,https://www.facebook.com/?feed_demo_ad=120232997752600627&h=AQCO2jK3pGGGwPR0PNc,2025-08-18,2025-08-18
2025-08-18,"Ad - FLA FB Image 35",0.01,,,2,,,,,,,https://www.facebook.com/?feed_demo_ad=120232571994400627&h=AQCgD4h27cdH2I_Gtkc,2025-08-18,2025-08-18
2025-08-18,"Ad - FLA FB Image 31",0.81,,,49,2,,,,,,https://www.facebook.com/?feed_demo_ad=120232572095270627&h=AQC0fHI1DQvz0kDVWyw,2025-08-18,2025-08-18
2025-08-18,"Ad - FLA FB Image 32",0.04,,,4,,,,,,,https://www.facebook.com/?feed_demo_ad=120232571747640627&h=AQBbBx2wQQYy2gza918,2025-08-18,2025-08-18
2025-08-18,"Ad - FLA FB Video 65 V1",0.51,,,21,2,4,,3,1,19,https://www.facebook.com/?feed_demo_ad=120229972629160627&h=AQCGP9_HQD_Me5GetNk,2025-08-18,2025-08-18
2025-08-18,"Ad - FLA FB Video 60 V2",4.41,,,340,1,38,,2,3,336,https://www.facebook.com/?feed_demo_ad=120229033662690627&h=AQCfmFPjBYTyM1zklI0,2025-08-18,2025-08-18
2025-08-18,"Ad - FLA FB Image 31",2.62,,,68,4,,,,,,https://www.facebook.com/?feed_demo_ad=120232571342650627&h=AQBGAkA1hoExdg12Txk,2025-08-18,2025-08-18
2025-08-18,"Ad - FLA FB Video 64 V2",26.69,,,1440,19,214,,3,18,1357,https://www.facebook.com/?feed_demo_ad=120229033662770627&h=AQDnck-3ZI0el9IlyRo,2025-08-18,2025-08-18
2025-08-18,"Ad - FLA FB Video 64 V1",65.95,"Website purchases",2,3322,20,339,28.63,2,44,3253,https://www.facebook.com/?feed_demo_ad=120229033662670627&h=AQC9vWmNpuVA4k1LkfE,2025-08-18,2025-08-18
2025-08-18,"Ad - FLA FB Video 60 V5",23.69,"Website purchases",1,1673,8,234,19.11,2,24,1655,https://www.facebook.com/?feed_demo_ad=120229033662730627&h=AQAOB3ffGFje7a9KSf8,2025-08-18,2025-08-18
2025-08-18,"Ad - FLA FB Video 60 V5",14.3,,,917,8,124,,3,19,904,https://www.facebook.com/?feed_demo_ad=120229033662710627&h=AQBTC8iPamSg5fRyBqY,2025-08-18,2025-08-18
2025-08-18,"Ad - FLA FB Video 65 V5.1",3.35,,,132,4,20,,2,2,132,https://www.facebook.com/?feed_demo_ad=120229974043940627&h=AQD1Ibqw2x4LA2u7uz8,2025-08-18,2025-08-18
2025-08-18,"Ad - FLA FB Image 28",0.18,,,10,,,,,,,https://www.facebook.com/?feed_demo_ad=120230727848120627&h=AQDgj7Vjpu4wHtepMVM,2025-08-18,2025-08-18
2025-08-18,"Ad - FLA FB Image 26",0.01,,,1,,,,,,,https://www.facebook.com/?feed_demo_ad=120230727848110627&h=AQDD3v-sYPDY1ry-2Sg,2025-08-18,2025-08-18
2025-08-18,"Ad - FLA FB Video 73 V1.2",1.46,,,21,1,4,,3,1,14,https://www.facebook.com/?feed_demo_ad=120232088259530627&h=AQC8dsbP6ZXOwQ3YpEQ,2025-08-18,2025-08-18
2025-08-18,"Ad - FLA FB Video 73 V3",0.89,,,42,4,11,,3,2,40,https://www.facebook.com/?feed_demo_ad=120232089455410627&h=AQBnUXdqYCOSObYF0ac,2025-08-18,2025-08-18
2025-08-18,"Ad - FLA FB Video 73 V1.2",0.39,,,26,7,11,,8,9,25,https://www.facebook.com/?feed_demo_ad=120232089455490627&h=AQDu8gwhbUHourLvxoQ,2025-08-18,2025-08-18
2025-08-18,"Ad - FLA FB Image 29",0.02,,,3,,,,,,,https://www.facebook.com/?feed_demo_ad=120230727848150627&h=AQBp5PW-ZN6930lY3V8,2025-08-18,2025-08-18
2025-08-17,"Ad - FLA FB Video 77 V1",2024.04,"Website purchases",69,84865,804,33312,1392.26,5,2135,69460,https://www.facebook.com/?feed_demo_ad=120224720703580627&h=AQAeVKYf3MZf3TgKBv8,2025-08-17,2025-08-17
2025-08-17,"Ad - FLA FB Video 54 V5.1",0.71,,,20,,1,,1,,18,https://www.facebook.com/?feed_demo_ad=120227907894500627&h=AQBPqgtma9K3anyOjxA,2025-08-17,2025-08-17
2025-08-17,"Ad - FLA FB Video 54 V3",1.2,,,71,1,11,,1,,71,https://www.facebook.com/?feed_demo_ad=120227907691960627&h=AQBaRgI-_w3yZbMat_g,2025-08-17,2025-08-17
2025-08-17,"Ad - FLA FB Image 22 V14",5.75,,,239,4,,,,,,https://www.facebook.com/?feed_demo_ad=120226866104570627&h=AQA5r6F7Aquy52B6Smk,2025-08-17,2025-08-17
2025-08-17,"Ad - FLA FB Image 5 V14",1731.92,"Website purchases",43,56144,565,,996.08,,,,https://www.facebook.com/?feed_demo_ad=120226240213050627&h=AQCkSm8n-cShM_tfsTY,2025-08-17,2025-08-17
2025-08-17,"Ad - FLA FB Video 91 V1",19.33,"Website purchases",1,519,28,134,29.71,7,18,339,https://www.facebook.com/?feed_demo_ad=120225703103940627&h=AQDdY0ZJdVwOi0pquvI,2025-08-17,2025-08-17
2025-08-17,"Ad - FLA FB Video 89 V5.1",30.65,"Website purchases",1,1543,60,470,4,6,107,813,https://www.facebook.com/?feed_demo_ad=120221415977250627&h=AQAP9Rg2CxRxZVYQ9DQ,2025-08-17,2025-08-17
2025-08-17,"Ad - FLA FB Video 77 V3",25.67,"Website purchases",2,1152,12,462,6.5,4,26,1088,https://www.facebook.com/?feed_demo_ad=120224720074470627&h=AQANb5CpTeBK-yKL9dI,2025-08-17,2025-08-17
2025-08-17,"Ad - FLA FB Video 77 V2",41.26,,,2562,12,1051,,4,60,2525,https://www.facebook.com/?feed_demo_ad=120224719536490627&h=AQAhE_QBcl0Tb5Ceh_g,2025-08-17,2025-08-17
2025-08-17,"Ad - FLA FB Video 77 V1",186.4,"Website purchases",5,7439,92,1848,130.57,4,137,4383,https://www.facebook.com/?feed_demo_ad=120224719060270627&h=AQBwDlw0DggBlrkodDM,2025-08-17,2025-08-17
2025-08-17,"Ad - FLA FB Video 89 V1",935.31,"Website purchases",25,25772,574,7124,512.99,5,1336,16859,https://www.facebook.com/?feed_demo_ad=120221413007090627&h=AQBrg-oz61gLxpdJybo,2025-08-17,2025-08-17
2025-08-17,"Ad - FLA FB Image 6 V14",128.77,"Website purchases",7,2787,36,,143.09,,,,https://www.facebook.com/?feed_demo_ad=120216352965810627&h=AQBFA43azxNWyutcWbM,2025-08-17,2025-08-17
2025-08-17,"Ad - FLA FB Video 54 V5",11.33,,,490,7,55,,3,15,469,https://www.facebook.com/?feed_demo_ad=120227907169940627&h=AQCs8_LwmxQtpU-qjEc,2025-08-17,2025-08-17
2025-08-17,"Ad - FLA FB Video 54 V1",35.6,"Website purchases",1,1806,29,191,10.01,3,30,1770,https://www.facebook.com/?feed_demo_ad=120227916189730627&h=AQAhf__pXF4eKPZjeu4,2025-08-17,2025-08-17
2025-08-17,"Ad - FLA FB Image 6 V14",1922.85,"Website purchases",69,37963,615,,1306.09,,,,https://www.facebook.com/?feed_demo_ad=120217139460020627&h=AQAJDBl0jCnPWfcNkjU,2025-08-17,2025-08-17
2025-08-17,"Ad - FLA FB Video 60 V1",20.68,"Website purchases",1,851,13,185,3,3,21,820,https://www.facebook.com/?feed_demo_ad=120229032155890627&h=AQCDv4MyrC0CL0Zg0gQ,2025-08-17,2025-08-17
2025-08-17,"Ad - FLA FB Video 73 V1.2",1.06,,,31,1,5,,3,2,24,https://www.facebook.com/?feed_demo_ad=120232088259530627&h=AQC8dsbP6ZXOwQ3YpEQ,2025-08-17,2025-08-17
2025-08-17,"Ad - FLA FB Video 60 V2",1787.47,"Website purchases",64,86985,764,15166,1766.05,3,1865,84306,https://www.facebook.com/?feed_demo_ad=120229032849780627&h=AQB085_ipEUAlOu8P10,2025-08-17,2025-08-17
2025-08-17,"Ad - FLA FB Image 34",0.05,,,2,,,,,,,https://www.facebook.com/?feed_demo_ad=120232571917450627&h=AQA_1W1ZkqSEu0k7GO8,2025-08-17,2025-08-17
2025-08-17,"Ad - FLA FB Image 32",1.35,,,45,3,,,,,,https://www.facebook.com/?feed_demo_ad=120232571747640627&h=AQBbBx2wQQYy2gza918,2025-08-17,2025-08-17
2025-08-17,"Ad - FLA FB Image 31",0.76,,,30,2,,,,,,https://www.facebook.com/?feed_demo_ad=120232571342650627&h=AQBGAkA1hoExdg12Txk,2025-08-17,2025-08-17
2025-08-17,"Ad - FLA FB Video 73 V3",1.5,,,37,3,11,,6,5,33,https://www.facebook.com/?feed_demo_ad=120232088681850627&h=AQDyHXjXq44IK_VuiyA,2025-08-17,2025-08-17
2025-08-17,"Ad - FLA FB Image 35",0.08,,,3,,,,,,,https://www.facebook.com/?feed_demo_ad=120232571994400627&h=AQCgD4h27cdH2I_Gtkc,2025-08-17,2025-08-17
2025-08-17,"Ad - FLA FB Video 65 V1",0.15,,,3,,,,1,,2,https://www.facebook.com/?feed_demo_ad=120229972629160627&h=AQCGP9_HQD_Me5GetNk,2025-08-17,2025-08-17
2025-08-17,"Ad - FLA FB Video 64 V5",162.64,"Website purchases",10,6591,127,1025,332.98,3,145,6395,https://www.facebook.com/?feed_demo_ad=120229033528860627&h=AQC5CbMuZgvdx2m8AoA,2025-08-17,2025-08-17
2025-08-17,"Ad - FLA FB Video 64 V2",1364.02,"Website purchases",63,60222,894,11819,1439.67,3,927,56059,https://www.facebook.com/?feed_demo_ad=120229033210670627&h=AQCe5Vx3KKAjJusfs-k,2025-08-17,2025-08-17
2025-08-17,"Ad - FLA FB Video 60 V5.1",136.75,"Website purchases",3,6533,90,1141,23.57,3,160,6352,https://www.facebook.com/?feed_demo_ad=120229033040700627&h=AQBu0HAomij4B9d2180,2025-08-17,2025-08-17
2025-08-17,"Ad - FLA FB Video 60 V5",214.6,"Website purchases",4,11141,114,2124,95.75,3,292,10886,https://www.facebook.com/?feed_demo_ad=120229033018890627&h=AQCIwwzsk6r6LIiCD_Q,2025-08-17,2025-08-17
2025-08-17,"Ad - FLA FB Video 60 V5",18.74,,,1099,14,209,,3,20,1078,https://www.facebook.com/?feed_demo_ad=120229032912620627&h=AQDKdujTMxQK4LY31Tg,2025-08-17,2025-08-17
2025-08-17,"Ad - FLA FB Video 64 V5.1",25.65,"Website purchases",3,1106,28,204,86.75,4,37,1083,https://www.facebook.com/?feed_demo_ad=120229033575960627&h=AQApniKOTnrjr3Omcr8,2025-08-17,2025-08-17
2025-08-16,"Ad - FLA FB Video 77 V2",38.65,"Website purchases",3,2240,36,947,154.75,4,60,2196,https://www.facebook.com/?feed_demo_ad=120224719536490627&h=AQAhE_QBcl0Tb5Ceh_g,2025-08-16,2025-08-16
2025-08-16,"Ad - FLA FB Video 54 V3",1.74,,,85,5,14,,3,2,79,https://www.facebook.com/?feed_demo_ad=120227907691960627&h=AQBaRgI-_w3yZbMat_g,2025-08-16,2025-08-16
2025-08-16,"Ad - FLA FB Image 22 V14",5.72,"Website purchases",1,320,5,,5,,,,https://www.facebook.com/?feed_demo_ad=120226866104570627&h=AQA5r6F7Aquy52B6Smk,2025-08-16,2025-08-16
2025-08-16,"Ad - FLA FB Image 5 V14",1894.7,"Website purchases",64,58137,800,,1667.2,,,,https://www.facebook.com/?feed_demo_ad=120226240213050627&h=AQCkSm8n-cShM_tfsTY,2025-08-16,2025-08-16
2025-08-16,"Ad - FLA FB Video 91 V1",22.19,"Website purchases",2,829,120,278,220.4,9,47,533,https://www.facebook.com/?feed_demo_ad=120225703103940627&h=AQDdY0ZJdVwOi0pquvI,2025-08-16,2025-08-16
2025-08-16,"Ad - FLA FB Video 77 V1",1951.9,"Website purchases",63,76099,962,28860,1552.9,5,2035,61596,https://www.facebook.com/?feed_demo_ad=120224720703580627&h=AQAeVKYf3MZf3TgKBv8,2025-08-16,2025-08-16
2025-08-16,"Ad - FLA FB Video 77 V3",30.35,,,1424,34,639,,5,46,1354,https://www.facebook.com/?feed_demo_ad=120224720074470627&h=AQANb5CpTeBK-yKL9dI,2025-08-16,2025-08-16
2025-08-16,"Ad - FLA FB Image 6 V14",1800.23,"Website purchases",79,35703,753,,2106.14,,,,https://www.facebook.com/?feed_demo_ad=120217139460020627&h=AQAJDBl0jCnPWfcNkjU,2025-08-16,2025-08-16
2025-08-16,"Ad - FLA FB Video 77 V1",222.49,"Website purchases",12,8113,92,2067,409.23,4,184,4949,https://www.facebook.com/?feed_demo_ad=120224719060270627&h=AQBwDlw0DggBlrkodDM,2025-08-16,2025-08-16
2025-08-16,"Ad - FLA FB Video 89 V5.1",54.08,"Website purchases",3,2492,220,740,156.8,8,220,1224,https://www.facebook.com/?feed_demo_ad=120221415977250627&h=AQAP9Rg2CxRxZVYQ9DQ,2025-08-16,2025-08-16
2025-08-16,"Ad - FLA FB Video 89 V1",324.53,"Website purchases",13,8655,319,2644,304.16,5,652,6328,https://www.facebook.com/?feed_demo_ad=120221413007090627&h=AQBrg-oz61gLxpdJybo,2025-08-16,2025-08-16
2025-08-16,"Ad - FLA FB Image 6 V14",133.2,"Website purchases",8,2846,46,,115.3,,,,https://www.facebook.com/?feed_demo_ad=120216352965810627&h=AQBFA43azxNWyutcWbM,2025-08-16,2025-08-16
2025-08-16,"Ad - FLA FB Image 6 V14",0,"Website purchases",3,0,,,179.63,,,,https://www.facebook.com/?feed_demo_ad=120217139546990627&h=AQCcZZDQ6MfL9CWFESA,2025-08-16,2025-08-16
2025-08-16,"Ad - FLA FB Image 13 V14",0,"Website purchases",5,0,,,98.35,,,,https://www.facebook.com/?feed_demo_ad=120218959258840627&h=AQDMGL91vwfKks1Sjhw,2025-08-16,2025-08-16
2025-08-16,"Ad - FLA FB Video 54 V1",26.95,,,1188,33,180,,3,39,1142,https://www.facebook.com/?feed_demo_ad=120227916189730627&h=AQAhf__pXF4eKPZjeu4,2025-08-16,2025-08-16
2025-08-16,"Ad - FLA FB Video 54 V5.1",0.45,,,13,2,4,,7,,12,https://www.facebook.com/?feed_demo_ad=120227907894500627&h=AQBPqgtma9K3anyOjxA,2025-08-16,2025-08-16
2025-08-16,"Ad - FLA FB Video 77 V1",0,"Website purchases",1,0,,,1,,,,https://www.facebook.com/?feed_demo_ad=120224720816790627&h=AQB7IEcajFtRCSHraqc,2025-08-16,2025-08-16
2025-08-16,"Ad - FLA FB Video 54 V5",12.36,"Website purchases",1,458,17,81,40.23,4,18,436,https://www.facebook.com/?feed_demo_ad=120227907169940627&h=AQCs8_LwmxQtpU-qjEc,2025-08-16,2025-08-16
2025-08-16,"Ad - FLA FB Video 65 V1",0.17,,,6,1,3,,5,,6,https://www.facebook.com/?feed_demo_ad=120229972629160627&h=AQCGP9_HQD_Me5GetNk,2025-08-16,2025-08-16
2025-08-16,"Ad - FLA FB Video 60 V1",27.94,,,1418,18,273,,2,25,1375,https://www.facebook.com/?feed_demo_ad=120229032155890627&h=AQCDv4MyrC0CL0Zg0gQ,2025-08-16,2025-08-16
2025-08-16,"Ad - FLA FB Image 35",0.47,,,11,,,,,,,https://www.facebook.com/?feed_demo_ad=120232571994400627&h=AQCgD4h27cdH2I_Gtkc,2025-08-16,2025-08-16
2025-08-16,"Ad - FLA FB Image 34",0.63,,,35,3,,,,,,https://www.facebook.com/?feed_demo_ad=120232571917450627&h=AQA_1W1ZkqSEu0k7GO8,2025-08-16,2025-08-16
2025-08-16,"Ad - FLA FB Image 32",2.23,,,87,3,,,,,,https://www.facebook.com/?feed_demo_ad=120232571747640627&h=AQBbBx2wQQYy2gza918,2025-08-16,2025-08-16
2025-08-16,"Ad - FLA FB Image 31",0.63,,,34,,,,,,,https://www.facebook.com/?feed_demo_ad=120232571342650627&h=AQBGAkA1hoExdg12Txk,2025-08-16,2025-08-16
2025-08-16,"Ad - FLA FB Video 73 V3",1.06,,,32,2,9,,4,3,30,https://www.facebook.com/?feed_demo_ad=120232088681850627&h=AQDyHXjXq44IK_VuiyA,2025-08-16,2025-08-16
2025-08-16,"Ad - FLA FB Video 73 V1.2",1.77,,,42,4,7,,9,5,32,https://www.facebook.com/?feed_demo_ad=120232088259530627&h=AQC8dsbP6ZXOwQ3YpEQ,2025-08-16,2025-08-16
2025-08-16,"Ad - FLA FB Image 33",0.13,,,8,3,,,,,,https://www.facebook.com/?feed_demo_ad=120232571818480627&h=AQDLSVqEiR6mzAbJUUE,2025-08-16,2025-08-16
2025-08-16,"Ad - FLA FB Video 64 V5.1",59.17,,,2756,100,476,,3,69,2715,https://www.facebook.com/?feed_demo_ad=120229033575960627&h=AQApniKOTnrjr3Omcr8,2025-08-16,2025-08-16
2025-08-16,"Ad - FLA FB Video 60 V2",1596,"Website purchases",50,78969,792,13587,1700.99,3,1752,76466,https://www.facebook.com/?feed_demo_ad=120229032849780627&h=AQB085_ipEUAlOu8P10,2025-08-16,2025-08-16
2025-08-16,"Ad - FLA FB Video 64 V2",1532.84,"Website purchases",65,62862,1096,12789,1092.03,3,1195,58290,https://www.facebook.com/?feed_demo_ad=120229033210670627&h=AQCe5Vx3KKAjJusfs-k,2025-08-16,2025-08-16
2025-08-16,"Ad - FLA FB Video 60 V5.1",135.17,"Website purchases",4,6308,68,1065,156.95,3,135,6136,https://www.facebook.com/?feed_demo_ad=120229033040700627&h=AQBu0HAomij4B9d2180,2025-08-16,2025-08-16
2025-08-16,"Ad - FLA FB Video 60 V5",455.17,"Website purchases",16,22632,356,4326,331.32,3,623,22099,https://www.facebook.com/?feed_demo_ad=120229033018890627&h=AQCIwwzsk6r6LIiCD_Q,2025-08-16,2025-08-16
2025-08-16,"Ad - FLA FB Video 60 V5",30.02,"Website purchases",4,1732,46,349,40.7,3,71,1697,https://www.facebook.com/?feed_demo_ad=120229032912620627&h=AQDKdujTMxQK4LY31Tg,2025-08-16,2025-08-16
2025-08-16,"Ad - FLA FB Video 64 V5",192.06,"Website purchases",8,7961,275,1470,49.59,4,259,7780,https://www.facebook.com/?feed_demo_ad=120229033528860627&h=AQC5CbMuZgvdx2m8AoA,2025-08-16,2025-08-16
2025-08-15,"Ad - FLA FB Image 5 V14",1606.43,"Website purchases",70,43518,652,,1420.52,,,,https://www.facebook.com/?feed_demo_ad=120226240213050627&h=AQCkSm8n-cShM_tfsTY,2025-08-15,2025-08-15
2025-08-15,"Ad - FLA FB Image 5 V14",97.03,"Website purchases",3,3419,24,,28.03,,,,https://www.facebook.com/?feed_demo_ad=120226240542050627&h=AQASX0QTdVHWjHaOPlY,2025-08-15,2025-08-15
2025-08-15,"Ad - FLA FB Image 22 V14",105.53,"Website purchases",6,7123,38,,372.66,,,,https://www.facebook.com/?feed_demo_ad=120226866294590627&h=AQAu_L1xk_kdr63jmz4,2025-08-15,2025-08-15
2025-08-15,"Ad - FLA FB Image 22 V14",6,,,304,10,,,,,,https://www.facebook.com/?feed_demo_ad=120226866104570627&h=AQA5r6F7Aquy52B6Smk,2025-08-15,2025-08-15
2025-08-15,"Ad - FLA FB Video 54 V3",1.3,,,72,3,12,,3,3,70,https://www.facebook.com/?feed_demo_ad=120227907691960627&h=AQBaRgI-_w3yZbMat_g,2025-08-15,2025-08-15
2025-08-15,"Ad - FLA FB Video 54 V5",9.63,,,316,14,47,,3,8,303,https://www.facebook.com/?feed_demo_ad=120227907169940627&h=AQCs8_LwmxQtpU-qjEc,2025-08-15,2025-08-15
2025-08-15,"Ad - FLA FB Video 54 V5.1",0.31,,,16,,1,,2,,16,https://www.facebook.com/?feed_demo_ad=120227907894500627&h=AQBPqgtma9K3anyOjxA,2025-08-15,2025-08-15
2025-08-15,"Ad - FLA FB Video 54 V1",23.99,,,906,56,164,,5,47,866,https://www.facebook.com/?feed_demo_ad=120227916189730627&h=AQAhf__pXF4eKPZjeu4,2025-08-15,2025-08-15
2025-08-15,"Ad - FLA FB Video 54 V5.1",16.36,"Website purchases",1,771,12,76,21,2,24,709,https://www.facebook.com/?feed_demo_ad=120227916560680627&h=AQAopBjtmtwNHgvHRMI,2025-08-15,2025-08-15
2025-08-15,"Ad - FLA FB Video 60 V1",55.82,,,2667,30,499,,3,56,2615,https://www.facebook.com/?feed_demo_ad=120229032155890627&h=AQCDv4MyrC0CL0Zg0gQ,2025-08-15,2025-08-15
2025-08-15,"Ad - FLA FB Video 77 V1",143.78,"Website purchases",8,5974,55,1648,148.41,4,113,4663,https://www.facebook.com/?feed_demo_ad=120224720837550627&h=AQAlhbGzwZILkvswmdQ,2025-08-15,2025-08-15
2025-08-15,"Ad - FLA FB Video 60 V2",1105.52,"Website purchases",53,53773,556,9237,812.73,3,1297,52428,https://www.facebook.com/?feed_demo_ad=120229032849780627&h=AQB085_ipEUAlOu8P10,2025-08-15,2025-08-15
2025-08-15,"Ad - FLA FB Video 91 V1",25.56,"Website purchases",1,648,42,175,3.5,8,36,412,https://www.facebook.com/?feed_demo_ad=120225703103940627&h=AQDdY0ZJdVwOi0pquvI,2025-08-15,2025-08-15
2025-08-15,"Ad - FLA FB Image 6 V14",1222.88,"Website purchases",60,27405,498,,1533.38,,,,https://www.facebook.com/?feed_demo_ad=120217139546990627&h=AQCcZZDQ6MfL9CWFESA,2025-08-15,2025-08-15
2025-08-15,"Ad - FLA FB Video 77 V3",34.71,"Website purchases",2,1602,16,528,9.36,3,38,1541,https://www.facebook.com/?feed_demo_ad=120224720837520627&h=AQA3scIgwpxP5NDXoqY,2025-08-15,2025-08-15
2025-08-15,"Ad - FLA FB Video 77 V1",75.74,"Website purchases",1,3823,22,1082,13.5,3,53,3123,https://www.facebook.com/?feed_demo_ad=120224720816790627&h=AQB7IEcajFtRCSHraqc,2025-08-15,2025-08-15
2025-08-15,"Ad - FLA FB Video 77 V1",3303.47,"Website purchases",135,122271,1692,46647,3222.47,5,3589,101563,https://www.facebook.com/?feed_demo_ad=120224720703580627&h=AQAeVKYf3MZf3TgKBv8,2025-08-15,2025-08-15
2025-08-15,"Ad - FLA FB Video 77 V3",41.1,"Website purchases",2,1880,24,740,51.45,4,58,1753,https://www.facebook.com/?feed_demo_ad=120224720074470627&h=AQANb5CpTeBK-yKL9dI,2025-08-15,2025-08-15
2025-08-15,"Ad - FLA FB Video 77 V2",32.85,,,1772,19,704,,4,48,1705,https://www.facebook.com/?feed_demo_ad=120224719536490627&h=AQAhE_QBcl0Tb5Ceh_g,2025-08-15,2025-08-15
2025-08-15,"Ad - FLA FB Video 77 V1",90.87,"Website purchases",5,3204,44,879,219.26,4,77,2050,https://www.facebook.com/?feed_demo_ad=120224719060270627&h=AQBwDlw0DggBlrkodDM,2025-08-15,2025-08-15
2025-08-15,"Ad - FLA FB Video 89 V1",228.05,"Website purchases",10,5136,166,1329,271.33,4,328,3903,https://www.facebook.com/?feed_demo_ad=120221416279020627&h=AQAQN53RcnoFo4rgXkA,2025-08-15,2025-08-15
2025-08-15,"Ad - FLA FB Video 89 V5.1",62.04,,,2680,152,614,,8,197,1121,https://www.facebook.com/?feed_demo_ad=120221415977250627&h=AQAP9Rg2CxRxZVYQ9DQ,2025-08-15,2025-08-15
2025-08-15,"Ad - FLA FB Video 89 V1",100.39,"Website purchases",1,2653,131,861,5,6,247,2029,https://www.facebook.com/?feed_demo_ad=120221413007090627&h=AQBrg-oz61gLxpdJybo,2025-08-15,2025-08-15
2025-08-15,"Ad - FLA FB Image 6 V14",30.09,"Website purchases",1,822,8,,6.39,,,,https://www.facebook.com/?feed_demo_ad=120216092019000627&h=AQDhL_bHAuYt2moMY0w,2025-08-15,2025-08-15
2025-08-15,"Ad - FLA FB Image 6 V14",1377,"Website purchases",56,25180,626,,1788.03,,,,https://www.facebook.com/?feed_demo_ad=120217139460020627&h=AQAJDBl0jCnPWfcNkjU,2025-08-15,2025-08-15
2025-08-15,"Ad - FLA FB Image 6 V14",87.86,"Website purchases",2,2097,25,,115.13,,,,https://www.facebook.com/?feed_demo_ad=120216352965810627&h=AQBFA43azxNWyutcWbM,2025-08-15,2025-08-15
2025-08-15,"Ad - FLA FB Image 6 V14",97.92,"Website purchases",6,2314,35,,60.2,,,,https://www.facebook.com/?feed_demo_ad=120216353077850627&h=AQCm7uQkpxB3K2YqRWE,2025-08-15,2025-08-15
2025-08-15,"Ad - FLA FB Video 60 V5",342.78,"Website purchases",20,17119,310,3257,421.21,4,530,16641,https://www.facebook.com/?feed_demo_ad=120229033018890627&h=AQCIwwzsk6r6LIiCD_Q,2025-08-15,2025-08-15
2025-08-15,"Ad - FLA FB Video 60 V5",36.63,,,1650,35,353,,4,60,1615,https://www.facebook.com/?feed_demo_ad=120229032912620627&h=AQDKdujTMxQK4LY31Tg,2025-08-15,2025-08-15
2025-08-15,"Ad - FLA FB Image 35",0.14,,,8,,,,,,,https://www.facebook.com/?feed_demo_ad=120232571994400627&h=AQCgD4h27cdH2I_Gtkc,2025-08-15,2025-08-15
2025-08-15,"Ad - FLA FB Video 60 V5.1",119.14,"Website purchases",4,5202,77,924,344.71,3,153,5070,https://www.facebook.com/?feed_demo_ad=120229033040700627&h=AQBu0HAomij4B9d2180,2025-08-15,2025-08-15
2025-08-15,"Ad - FLA FB Video 73 V1.2",0.71,,,17,,1,,1,,13,https://www.facebook.com/?feed_demo_ad=120232088259530627&h=AQC8dsbP6ZXOwQ3YpEQ,2025-08-15,2025-08-15
2025-08-15,"Ad - FLA FB Image 13 V14",2436.37,"Website purchases",117,93141,982,,2310.86,,,,https://www.facebook.com/?feed_demo_ad=120218959258840627&h=AQDMGL91vwfKks1Sjhw,2025-08-15,2025-08-15
2025-08-15,"Ad - FLA FB Image 35",0.44,,,13,,,,,,,https://www.facebook.com/?feed_demo_ad=120232572095250627&h=AQBRT56ag_Qyligh9e4,2025-08-15,2025-08-15
2025-08-15,"Ad - FLA FB Image 31",2.96,"Website purchases",1,98,5,,5.58,,,,https://www.facebook.com/?feed_demo_ad=120232572095270627&h=AQC0fHI1DQvz0kDVWyw,2025-08-15,2025-08-15
2025-08-15,"Ad - FLA FB Image 32",0.69,,,25,1,,,,,,https://www.facebook.com/?feed_demo_ad=120232572095310627&h=AQBo-6ITMk50oiYHaAA,2025-08-15,2025-08-15
2025-08-15,"Ad - FLA FB Image 33",0.59,,,46,1,,,,,,https://www.facebook.com/?feed_demo_ad=120232572095320627&h=AQC3wDLBPk8MlnICdM0,2025-08-15,2025-08-15
2025-08-15,"Ad - FLA FB Image 34",0.09,,,6,,,,,,,https://www.facebook.com/?feed_demo_ad=120232572095330627&h=AQC_H7ESyTwjZHRGEGw,2025-08-15,2025-08-15
2025-08-15,"Ad - FLA FB Image 34",1.29,,,53,4,,,,,,https://www.facebook.com/?feed_demo_ad=120232571917450627&h=AQA_1W1ZkqSEu0k7GO8,2025-08-15,2025-08-15
2025-08-15,"Ad - FLA FB Image 33",0.34,,,22,5,,,,,,https://www.facebook.com/?feed_demo_ad=120232571818480627&h=AQDLSVqEiR6mzAbJUUE,2025-08-15,2025-08-15
2025-08-15,"Ad - FLA FB Image 32",0.39,,,20,3,,,,,,https://www.facebook.com/?feed_demo_ad=120232571747640627&h=AQBbBx2wQQYy2gza918,2025-08-15,2025-08-15
2025-08-15,"Ad - FLA FB Image 31",0.43,,,16,3,,,,,,https://www.facebook.com/?feed_demo_ad=120232571342650627&h=AQBGAkA1hoExdg12Txk,2025-08-15,2025-08-15
2025-08-15,"Ad - FLA FB Video 73 V1.2",0.67,,,35,6,9,,6,6,26,https://www.facebook.com/?feed_demo_ad=120232089455490627&h=AQDu8gwhbUHourLvxoQ,2025-08-15,2025-08-15
2025-08-15,"Ad - FLA FB Video 73 V3",0.45,,,27,6,10,,8,8,22,https://www.facebook.com/?feed_demo_ad=120232089455410627&h=AQBnUXdqYCOSObYF0ac,2025-08-15,2025-08-15
2025-08-15,"Ad - FLA FB Video 73 V3",0.16,,,6,,1,,9,1,4,https://www.facebook.com/?feed_demo_ad=120232088681850627&h=AQDyHXjXq44IK_VuiyA,2025-08-15,2025-08-15
2025-08-15,"Ad - FLA FB Image 27",0.07,,,1,,,,,,,https://www.facebook.com/?feed_demo_ad=120230727848180627&h=AQB0DM9ujl9uDjfJoDw,2025-08-15,2025-08-15
2025-08-15,"Ad - FLA FB Video 64 V2",1326.42,"Website purchases",70,51126,1097,10359,1351.31,3,1107,46491,https://www.facebook.com/?feed_demo_ad=120229033210670627&h=AQCe5Vx3KKAjJusfs-k,2025-08-15,2025-08-15
2025-08-15,"Ad - FLA FB Image 26",0.48,,,1,,,,,,,https://www.facebook.com/?feed_demo_ad=120230727848110627&h=AQDD3v-sYPDY1ry-2Sg,2025-08-15,2025-08-15
2025-08-15,"Ad - FLA FB Image 28",1.8,,,78,6,,,,,,https://www.facebook.com/?feed_demo_ad=120230727848120627&h=AQDgj7Vjpu4wHtepMVM,2025-08-15,2025-08-15
2025-08-15,"Ad - FLA FB Image 29",0.15,,,6,,,,,,,https://www.facebook.com/?feed_demo_ad=120230727848150627&h=AQBp5PW-ZN6930lY3V8,2025-08-15,2025-08-15
2025-08-15,"Ad - FLA FB Image 30",0.02,,,3,,,,,,,https://www.facebook.com/?feed_demo_ad=120230727848100627&h=AQC6b_5lFVjZZhYQJUI,2025-08-15,2025-08-15
2025-08-15,"Ad - FLA FB Video 65 V5.1",9.04,,,313,9,70,,7,14,298,https://www.facebook.com/?feed_demo_ad=120229974043940627&h=AQD1Ibqw2x4LA2u7uz8,2025-08-15,2025-08-15
2025-08-15,"Ad - FLA FB Video 65 V1",0.06,,,4,1,1,,5,,4,https://www.facebook.com/?feed_demo_ad=120229972629160627&h=AQCGP9_HQD_Me5GetNk,2025-08-15,2025-08-15
2025-08-15,"Ad - FLA FB Video 60 V5",91.02,"Website purchases",6,5503,45,769,54.18,3,88,5326,https://www.facebook.com/?feed_demo_ad=120229033662730627&h=AQAOB3ffGFje7a9KSf8,2025-08-15,2025-08-15
2025-08-15,"Ad - FLA FB Video 64 V1",156.08,"Website purchases",7,6376,92,735,68.09,2,96,6052,https://www.facebook.com/?feed_demo_ad=120229033662670627&h=AQC9vWmNpuVA4k1LkfE,2025-08-15,2025-08-15
2025-08-15,"Ad - FLA FB Video 64 V2",152.19,"Website purchases",15,6253,137,1102,194.75,3,140,5719,https://www.facebook.com/?feed_demo_ad=120229033662770627&h=AQDnck-3ZI0el9IlyRo,2025-08-15,2025-08-15
2025-08-15,"Ad - FLA FB Video 60 V5",57.78,"Website purchases",3,3105,15,386,14.85,2,51,2992,https://www.facebook.com/?feed_demo_ad=120229033662710627&h=AQBTC8iPamSg5fRyBqY,2025-08-15,2025-08-15
2025-08-15,"Ad - FLA FB Video 60 V2",6.67,,,448,4,67,,2,3,431,https://www.facebook.com/?feed_demo_ad=120229033662690627&h=AQCfmFPjBYTyM1zklI0,2025-08-15,2025-08-15
2025-08-15,"Ad - FLA FB Video 64 V5.1",29.03,"Website purchases",1,1194,80,248,3.5,5,57,1162,https://www.facebook.com/?feed_demo_ad=120229033575960627&h=AQApniKOTnrjr3Omcr8,2025-08-15,2025-08-15
2025-08-15,"Ad - FLA FB Video 64 V5",127.92,"Website purchases",4,4957,142,840,25.3,4,173,4808,https://www.facebook.com/?feed_demo_ad=120229033528860627&h=AQC5CbMuZgvdx2m8AoA,2025-08-15,2025-08-15
2025-08-15,"Ad - FLA FB Image 9 V14",27.08,"Website purchases",5,1062,35,,64.81,,,,https://www.facebook.com/?feed_demo_ad=120216353077800627&h=AQDLu73gWn84I5EbW5Y,2025-08-15,2025-08-15
2025-08-14,"Ad - FLA FB Image 35",2.4,,,127,5,,,,,,https://www.facebook.com/?feed_demo_ad=120232572095250627&h=AQBRT56ag_Qyligh9e4,2025-08-14,2025-08-14
2025-08-14,"Ad - FLA FB Video 77 V1",153.93,"Website purchases",11,6808,51,1707,292.94,4,126,5377,https://www.facebook.com/?feed_demo_ad=120224720816790627&h=AQB7IEcajFtRCSHraqc,2025-08-14,2025-08-14
2025-08-14,"Ad - FLA FB Video 77 V3",42.01,"Website purchases",5,1664,34,719,26.5,5,71,1556,https://www.facebook.com/?feed_demo_ad=120224720074470627&h=AQANb5CpTeBK-yKL9dI,2025-08-14,2025-08-14
2025-08-14,"Ad - FLA FB Video 54 V5.1",14.18,"Website purchases",1,609,8,61,54.8,3,17,558,https://www.facebook.com/?feed_demo_ad=120227916560680627&h=AQAopBjtmtwNHgvHRMI,2025-08-14,2025-08-14
2025-08-14,"Ad - FLA FB Video 54 V5",4.63,,,175,10,22,,2,3,164,https://www.facebook.com/?feed_demo_ad=120227907169940627&h=AQCs8_LwmxQtpU-qjEc,2025-08-14,2025-08-14
2025-08-14,"Ad - FLA FB Video 54 V1",11.34,"Website purchases",1,466,25,93,3.5,4,17,449,https://www.facebook.com/?feed_demo_ad=120227916189730627&h=AQAhf__pXF4eKPZjeu4,2025-08-14,2025-08-14
2025-08-14,"Ad - FLA FB Video 54 V3",10.38,,,451,10,61,,2,6,432,https://www.facebook.com/?feed_demo_ad=120227907691960627&h=AQBaRgI-_w3yZbMat_g,2025-08-14,2025-08-14
2025-08-14,"Ad - FLA FB Image 22 V14",37.23,"Website purchases",2,2196,24,,20,,,,https://www.facebook.com/?feed_demo_ad=120226866104570627&h=AQA5r6F7Aquy52B6Smk,2025-08-14,2025-08-14
2025-08-14,"Ad - FLA FB Image 22 V14",105.74,"Website purchases",4,6954,35,,104.73,,,,https://www.facebook.com/?feed_demo_ad=120226866294590627&h=AQAu_L1xk_kdr63jmz4,2025-08-14,2025-08-14
2025-08-14,"Ad - FLA FB Image 5 V14",162.75,"Website purchases",7,4775,49,,161.11,,,,https://www.facebook.com/?feed_demo_ad=120226240542050627&h=AQASX0QTdVHWjHaOPlY,2025-08-14,2025-08-14
2025-08-14,"Ad - FLA FB Image 5 V14",1013.35,"Website purchases",49,25418,409,,1020.18,,,,https://www.facebook.com/?feed_demo_ad=120226240213050627&h=AQCkSm8n-cShM_tfsTY,2025-08-14,2025-08-14
2025-08-14,"Ad - FLA FB Video 91 V1",27.66,"Website purchases",1,697,63,210,72.29,10,43,410,https://www.facebook.com/?feed_demo_ad=120225703103940627&h=AQDdY0ZJdVwOi0pquvI,2025-08-14,2025-08-14
2025-08-14,"Ad - FLA FB Video 77 V1",177.43,"Website purchases",7,7429,68,2145,100.56,4,152,6072,https://www.facebook.com/?feed_demo_ad=120224720837550627&h=AQAlhbGzwZILkvswmdQ,2025-08-14,2025-08-14
2025-08-14,"Ad - FLA FB Video 77 V3",27.67,"Website purchases",1,1212,14,420,20,4,26,1131,https://www.facebook.com/?feed_demo_ad=120224720837520627&h=AQA3scIgwpxP5NDXoqY,2025-08-14,2025-08-14
2025-08-14,"Ad - FLA FB Video 77 V1",3754.12,"Website purchases",170,154236,2006,59651,3638.61,5,4474,129986,https://www.facebook.com/?feed_demo_ad=120224720703580627&h=AQAeVKYf3MZf3TgKBv8,2025-08-14,2025-08-14
2025-08-14,"Ad - FLA FB Video 77 V2",67.74,"Website purchases",2,3917,60,1602,19.84,4,109,3809,https://www.facebook.com/?feed_demo_ad=120224719536490627&h=AQAhE_QBcl0Tb5Ceh_g,2025-08-14,2025-08-14
2025-08-14,"Ad - FLA FB Video 60 V2",626.14,"Website purchases",31,28776,389,4936,723.15,3,789,28107,https://www.facebook.com/?feed_demo_ad=120229032849780627&h=AQB085_ipEUAlOu8P10,2025-08-14,2025-08-14
2025-08-14,"Ad - FLA FB Video 77 V1",121.61,"Website purchases",9,4679,72,1224,95.94,4,110,3164,https://www.facebook.com/?feed_demo_ad=120224719060270627&h=AQBwDlw0DggBlrkodDM,2025-08-14,2025-08-14
2025-08-14,"Ad - FLA FB Video 89 V1",281.58,"Website purchases",20,6455,175,1500,380.99,4,342,4563,https://www.facebook.com/?feed_demo_ad=120221416279020627&h=AQAQN53RcnoFo4rgXkA,2025-08-14,2025-08-14
2025-08-14,"Ad - FLA FB Video 89 V5.1",50.43,"Website purchases",5,2131,175,612,68.59,6,181,1303,https://www.facebook.com/?feed_demo_ad=120221415977250627&h=AQAP9Rg2CxRxZVYQ9DQ,2025-08-14,2025-08-14
2025-08-14,"Ad - FLA FB Video 89 V1",135.3,"Website purchases",6,4019,129,1126,243.64,5,305,2976,https://www.facebook.com/?feed_demo_ad=120221413007090627&h=AQBrg-oz61gLxpdJybo,2025-08-14,2025-08-14
2025-08-14,"Ad - FLA FB Image 6 V14",90.79,"Website purchases",3,1915,23,,103.46,,,,https://www.facebook.com/?feed_demo_ad=120216092019000627&h=AQDhL_bHAuYt2moMY0w,2025-08-14,2025-08-14
2025-08-14,"Ad - FLA FB Image 6 V14",1136.79,"Website purchases",51,19354,559,,1094.2,,,,https://www.facebook.com/?feed_demo_ad=120217139460020627&h=AQAJDBl0jCnPWfcNkjU,2025-08-14,2025-08-14
2025-08-14,"Ad - FLA FB Image 6 V14",89.62,"Website purchases",3,1796,37,,97.25,,,,https://www.facebook.com/?feed_demo_ad=120216352965810627&h=AQBFA43azxNWyutcWbM,2025-08-14,2025-08-14
2025-08-14,"Ad - FLA FB Image 6 V14",130.14,"Website purchases",6,2947,75,,109.59,,,,https://www.facebook.com/?feed_demo_ad=120216353077850627&h=AQCm7uQkpxB3K2YqRWE,2025-08-14,2025-08-14
2025-08-14,"Ad - FLA FB Image 6 V14",586.24,"Website purchases",33,11987,199,,489.23,,,,https://www.facebook.com/?feed_demo_ad=120217139546990627&h=AQCcZZDQ6MfL9CWFESA,2025-08-14,2025-08-14
2025-08-14,"Ad - FLA FB Image 9 V14",37.12,"Website purchases",3,1597,54,,66.02,,,,https://www.facebook.com/?feed_demo_ad=120216353077800627&h=AQDLu73gWn84I5EbW5Y,2025-08-14,2025-08-14
2025-08-14,"Ad - FLA FB Image 13 V14",1699.98,"Website purchases",79,70110,739,,1396.26,,,,https://www.facebook.com/?feed_demo_ad=120218959258840627&h=AQDMGL91vwfKks1Sjhw,2025-08-14,2025-08-14
2025-08-14,"Ad - FLA FB Image 31",1.35,,,55,4,,,,,,https://www.facebook.com/?feed_demo_ad=120232572095270627&h=AQC0fHI1DQvz0kDVWyw,2025-08-14,2025-08-14
2025-08-14,"Ad - FLA FB Video 60 V1",61.9,"Website purchases",7,3236,32,569,138.29,3,72,3154,https://www.facebook.com/?feed_demo_ad=120229032155890627&h=AQCDv4MyrC0CL0Zg0gQ,2025-08-14,2025-08-14
2025-08-14,"Ad - FLA FB Video 54 V5.1",3.06,,,90,,7,,1,,83,https://www.facebook.com/?feed_demo_ad=120227907894500627&h=AQBPqgtma9K3anyOjxA,2025-08-14,2025-08-14
2025-08-14,"Ad - FLA FB Video 60 V5",87.81,"Website purchases",4,4296,67,834,22.7,3,119,4211,https://www.facebook.com/?feed_demo_ad=120229032912620627&h=AQDKdujTMxQK4LY31Tg,2025-08-14,2025-08-14
2025-08-14,"Ad - FLA FB Image 28",2.75,,,89,9,,,,,,https://www.facebook.com/?feed_demo_ad=120230727848120627&h=AQDgj7Vjpu4wHtepMVM,2025-08-14,2025-08-14
2025-08-14,"Ad - FLA FB Image 32",8.6,"Website purchases",1,282,15,,21.16,,,,https://www.facebook.com/?feed_demo_ad=120232572095310627&h=AQBo-6ITMk50oiYHaAA,2025-08-14,2025-08-14
2025-08-14,"Ad - FLA FB Image 33",1.91,,,94,5,,,,,,https://www.facebook.com/?feed_demo_ad=120232572095320627&h=AQC3wDLBPk8MlnICdM0,2025-08-14,2025-08-14
2025-08-14,"Ad - FLA FB Image 34",1.08,,,43,1,,,,,,https://www.facebook.com/?feed_demo_ad=120232572095330627&h=AQC_H7ESyTwjZHRGEGw,2025-08-14,2025-08-14
2025-08-14,"Ad - FLA FB Image 35",0.83,,,12,2,,,,,,https://www.facebook.com/?feed_demo_ad=120232571994400627&h=AQCgD4h27cdH2I_Gtkc,2025-08-14,2025-08-14
2025-08-14,"Ad - FLA FB Image 34",10.3,,,397,26,,,,,,https://www.facebook.com/?feed_demo_ad=120232571917450627&h=AQA_1W1ZkqSEu0k7GO8,2025-08-14,2025-08-14
2025-08-14,"Ad - FLA FB Image 33",0.77,,,50,5,,,,,,https://www.facebook.com/?feed_demo_ad=120232571818480627&h=AQDLSVqEiR6mzAbJUUE,2025-08-14,2025-08-14
2025-08-14,"Ad - FLA FB Image 32",2.88,,,81,12,,,,,,https://www.facebook.com/?feed_demo_ad=120232571747640627&h=AQBbBx2wQQYy2gza918,2025-08-14,2025-08-14
2025-08-14,"Ad - FLA FB Image 31",0.89,,,25,5,,,,,,https://www.facebook.com/?feed_demo_ad=120232571342650627&h=AQBGAkA1hoExdg12Txk,2025-08-14,2025-08-14
2025-08-14,"Ad - FLA FB Video 73 V1.2",1.24,,,54,11,24,,9,15,40,https://www.facebook.com/?feed_demo_ad=120232089455490627&h=AQDu8gwhbUHourLvxoQ,2025-08-14,2025-08-14
2025-08-14,"Ad - FLA FB Video 60 V5",904.45,"Website purchases",28,47899,526,8546,599.3,3,1132,46526,https://www.facebook.com/?feed_demo_ad=120229033018890627&h=AQCIwwzsk6r6LIiCD_Q,2025-08-14,2025-08-14
2025-08-14,"Ad - FLA FB Video 73 V1.2",0.3,,,2,,1,,3,,1,https://www.facebook.com/?feed_demo_ad=120232088259530627&h=AQC8dsbP6ZXOwQ3YpEQ,2025-08-14,2025-08-14
2025-08-14,"Ad - FLA FB Image 27",0.01,,,1,,,,,,,https://www.facebook.com/?feed_demo_ad=120230727848180627&h=AQB0DM9ujl9uDjfJoDw,2025-08-14,2025-08-14
2025-08-14,"Ad - FLA FB Image 26",0.01,,,1,,,,,,,https://www.facebook.com/?feed_demo_ad=120230727848110627&h=AQDD3v-sYPDY1ry-2Sg,2025-08-14,2025-08-14
2025-08-14,"Ad - FLA FB Video 73 V3",1.03,,,48,16,27,,14,24,34,https://www.facebook.com/?feed_demo_ad=120232089455410627&h=AQBnUXdqYCOSObYF0ac,2025-08-14,2025-08-14
2025-08-14,"Ad - FLA FB Image 29",0.04,,,3,,,,,,,https://www.facebook.com/?feed_demo_ad=120230727848150627&h=AQBp5PW-ZN6930lY3V8,2025-08-14,2025-08-14
2025-08-14,"Ad - FLA FB Video 60 V5",72.23,"Website purchases",4,3816,22,542,116.66,2,49,3696,https://www.facebook.com/?feed_demo_ad=120229033662710627&h=AQBTC8iPamSg5fRyBqY,2025-08-14,2025-08-14
2025-08-14,"Ad - FLA FB Video 60 V5.1",111.77,"Website purchases",3,5625,78,952,66.35,3,153,5455,https://www.facebook.com/?feed_demo_ad=120229033040700627&h=AQBu0HAomij4B9d2180,2025-08-14,2025-08-14
2025-08-14,"Ad - FLA FB Video 64 V5",110.43,"Website purchases",8,4253,96,681,84.7,4,138,4113,https://www.facebook.com/?feed_demo_ad=120229033528860627&h=AQC5CbMuZgvdx2m8AoA,2025-08-14,2025-08-14
2025-08-14,"Ad - FLA FB Video 64 V5.1",44.24,"Website purchases",2,2014,91,384,12.74,5,76,1967,https://www.facebook.com/?feed_demo_ad=120229033575960627&h=AQApniKOTnrjr3Omcr8,2025-08-14,2025-08-14
2025-08-14,"Ad - FLA FB Video 60 V2",13.54,,,803,3,105,,2,6,777,https://www.facebook.com/?feed_demo_ad=120229033662690627&h=AQCfmFPjBYTyM1zklI0,2025-08-14,2025-08-14
2025-08-14,"Ad - FLA FB Video 64 V2",1578.11,"Website purchases",97,66727,1157,13963,1921.14,3,1100,60819,https://www.facebook.com/?feed_demo_ad=120229033210670627&h=AQCe5Vx3KKAjJusfs-k,2025-08-14,2025-08-14
2025-08-14,"Ad - FLA FB Video 64 V2",1415.92,"Website purchases",59,59048,709,9805,1103.74,3,749,53219,https://www.facebook.com/?feed_demo_ad=120229033662770627&h=AQDnck-3ZI0el9IlyRo,2025-08-14,2025-08-14
2025-08-14,"Ad - FLA FB Video 60 V5",101.12,"Website purchases",6,6123,54,956,301.84,3,116,5875,https://www.facebook.com/?feed_demo_ad=120229033662730627&h=AQAOB3ffGFje7a9KSf8,2025-08-14,2025-08-14
2025-08-14,"Ad - FLA FB Video 65 V1",0.42,,,4,,4,,9,,4,https://www.facebook.com/?feed_demo_ad=120229972629160627&h=AQCGP9_HQD_Me5GetNk,2025-08-14,2025-08-14
2025-08-14,"Ad - FLA FB Video 65 V5.1",4.68,,,197,4,31,,3,6,185,https://www.facebook.com/?feed_demo_ad=120229974043940627&h=AQD1Ibqw2x4LA2u7uz8,2025-08-14,2025-08-14
2025-08-14,"Ad - FLA FB Image 30",0.41,,,2,,,,,,,https://www.facebook.com/?feed_demo_ad=120230727848100627&h=AQC6b_5lFVjZZhYQJUI,2025-08-14,2025-08-14
2025-08-14,"Ad - FLA FB Video 64 V1",130.49,"Website purchases",6,5504,91,693,146.45,3,114,5206,https://www.facebook.com/?feed_demo_ad=120229033662670627&h=AQC9vWmNpuVA4k1LkfE,2025-08-14,2025-08-14
2025-08-13,"Ad - FLA FB Image 22 V14",85.82,"Website purchases",3,4978,51,,42.52,,,,https://www.facebook.com/?feed_demo_ad=120226866104570627&h=AQA5r6F7Aquy52B6Smk,2025-08-13,2025-08-13
2025-08-13,"Ad - FLA FB Video 77 V1",174.01,"Website purchases",15,7109,69,1829,291.82,5,180,5385,https://www.facebook.com/?feed_demo_ad=120224720837550627&h=AQAlhbGzwZILkvswmdQ,2025-08-13,2025-08-13
2025-08-13,"Ad - FLA FB Video 91 V1",27.37,"Website purchases",1,715,87,237,3.05,10,38,439,https://www.facebook.com/?feed_demo_ad=120225703103940627&h=AQDdY0ZJdVwOi0pquvI,2025-08-13,2025-08-13
2025-08-13,"Ad - FLA FB Image 5 V14",1433.95,"Website purchases",60,39469,824,,1226.43,,,,https://www.facebook.com/?feed_demo_ad=120226240213050627&h=AQCkSm8n-cShM_tfsTY,2025-08-13,2025-08-13
2025-08-13,"Ad - FLA FB Image 5 V14",199.68,"Website purchases",5,6491,68,,201,,,,https://www.facebook.com/?feed_demo_ad=120226240542050627&h=AQASX0QTdVHWjHaOPlY,2025-08-13,2025-08-13
2025-08-13,"Ad - FLA FB Image 22 V14",125.81,"Website purchases",8,9983,57,,360.44,,,,https://www.facebook.com/?feed_demo_ad=120226866294590627&h=AQAu_L1xk_kdr63jmz4,2025-08-13,2025-08-13
2025-08-13,"Ad - FLA FB Video 54 V2",0.22,,,11,,,,0,,11,https://www.facebook.com/?feed_demo_ad=120227907471110627&h=AQAYgqZuJucNo4FUMCU,2025-08-13,2025-08-13
2025-08-13,"Ad - FLA FB Video 54 V3",42.2,,,1618,122,350,,5,91,1545,https://www.facebook.com/?feed_demo_ad=120227907691960627&h=AQBaRgI-_w3yZbMat_g,2025-08-13,2025-08-13
2025-08-13,"Ad - FLA FB Video 54 V5.1",3.01,,,99,3,18,,2,1,92,https://www.facebook.com/?feed_demo_ad=120227907894500627&h=AQBPqgtma9K3anyOjxA,2025-08-13,2025-08-13
2025-08-13,"Ad - FLA FB Video 54 V1",8.38,,,373,47,102,,7,23,353,https://www.facebook.com/?feed_demo_ad=120227916189730627&h=AQAhf__pXF4eKPZjeu4,2025-08-13,2025-08-13
2025-08-13,"Ad - FLA FB Video 54 V5",6.26,,,167,21,52,,9,23,158,https://www.facebook.com/?feed_demo_ad=120227907169940627&h=AQCs8_LwmxQtpU-qjEc,2025-08-13,2025-08-13
2025-08-13,"Ad - FLA FB Video 60 V1",42.84,"Website purchases",2,2384,33,414,20,3,69,2333,https://www.facebook.com/?feed_demo_ad=120229032155890627&h=AQCDv4MyrC0CL0Zg0gQ,2025-08-13,2025-08-13
2025-08-13,"Ad - FLA FB Video 77 V1",110.72,"Website purchases",10,5057,32,1165,161.12,3,70,3670,https://www.facebook.com/?feed_demo_ad=120224720816790627&h=AQB7IEcajFtRCSHraqc,2025-08-13,2025-08-13
2025-08-13,"Ad - FLA FB Video 77 V3",20.43,"Website purchases",2,792,17,283,30,4,28,755,https://www.facebook.com/?feed_demo_ad=120224720837520627&h=AQA3scIgwpxP5NDXoqY,2025-08-13,2025-08-13
2025-08-13,"Ad - FLA FB Video 54 V5.1",13.19,,,584,12,58,,2,13,494,https://www.facebook.com/?feed_demo_ad=120227916560680627&h=AQAopBjtmtwNHgvHRMI,2025-08-13,2025-08-13
2025-08-13,"Ad - FLA FB Video 77 V1",3075.04,"Website purchases",135,124091,2043,45221,3091.81,5,3916,98616,https://www.facebook.com/?feed_demo_ad=120224720703580627&h=AQAeVKYf3MZf3TgKBv8,2025-08-13,2025-08-13
2025-08-13,"Ad - FLA FB Image 6 V14",1038.66,"Website purchases",41,20083,457,,734.71,,,,https://www.facebook.com/?feed_demo_ad=120217139460020627&h=AQAJDBl0jCnPWfcNkjU,2025-08-13,2025-08-13
2025-08-13,"Ad - FLA FB Video 60 V5",90.64,"Website purchases",8,4389,73,846,164.5,3,138,4300,https://www.facebook.com/?feed_demo_ad=120229032912620627&h=AQDKdujTMxQK4LY31Tg,2025-08-13,2025-08-13
2025-08-13,"Ad - FLA FB Image 13 V14",1830.91,"Website purchases",90,79723,928,,1527.29,,,,https://www.facebook.com/?feed_demo_ad=120218959258840627&h=AQDMGL91vwfKks1Sjhw,2025-08-13,2025-08-13
2025-08-13,"Ad - FLA FB Image 9 V14",39.87,"Website purchases",3,1932,32,,104.35,,,,https://www.facebook.com/?feed_demo_ad=120216353077800627&h=AQDLu73gWn84I5EbW5Y,2025-08-13,2025-08-13
2025-08-13,"Ad - FLA FB Image 6 V14",2071.9,"Website purchases",66,57484,803,,1801.23,,,,https://www.facebook.com/?feed_demo_ad=120217139546990627&h=AQCcZZDQ6MfL9CWFESA,2025-08-13,2025-08-13
2025-08-13,"Ad - FLA FB Image 6 V14",174.91,"Website purchases",13,4543,85,,288.23,,,,https://www.facebook.com/?feed_demo_ad=120216353077850627&h=AQCm7uQkpxB3K2YqRWE,2025-08-13,2025-08-13
2025-08-13,"Ad - FLA FB Image 6 V14",93.03,"Website purchases",3,2061,33,,124.69,,,,https://www.facebook.com/?feed_demo_ad=120216352965810627&h=AQBFA43azxNWyutcWbM,2025-08-13,2025-08-13
2025-08-13,"Ad - FLA FB Image 6 V14",88.98,"Website purchases",2,2262,20,,51.52,,,,https://www.facebook.com/?feed_demo_ad=120216092019000627&h=AQDhL_bHAuYt2moMY0w,2025-08-13,2025-08-13
2025-08-13,"Ad - FLA FB Video 77 V2",0.33,,,17,2,9,,6,1,16,https://www.facebook.com/?feed_demo_ad=120224720703570627&h=AQDqCWzneStv7Qv6Bpc,2025-08-13,2025-08-13
2025-08-13,"Ad - FLA FB Video 89 V1",191.22,"Website purchases",12,5357,176,1531,152.23,5,386,4093,https://www.facebook.com/?feed_demo_ad=120221413007090627&h=AQBrg-oz61gLxpdJybo,2025-08-13,2025-08-13
2025-08-13,"Ad - FLA FB Video 89 V5.1",57.55,"Website purchases",2,2327,238,839,132.37,8,283,1716,https://www.facebook.com/?feed_demo_ad=120221415977250627&h=AQAP9Rg2CxRxZVYQ9DQ,2025-08-13,2025-08-13
2025-08-13,"Ad - FLA FB Video 89 V1",272.4,"Website purchases",4,6294,198,1482,153.37,4,402,4676,https://www.facebook.com/?feed_demo_ad=120221416279020627&h=AQAQN53RcnoFo4rgXkA,2025-08-13,2025-08-13
2025-08-13,"Ad - FLA FB Video 77 V1",156.03,"Website purchases",7,6355,91,1629,390.73,4,133,4085,https://www.facebook.com/?feed_demo_ad=120224719060270627&h=AQBwDlw0DggBlrkodDM,2025-08-13,2025-08-13
2025-08-13,"Ad - FLA FB Video 77 V2",76.51,"Website purchases",2,4357,90,1873,100.48,4,129,4250,https://www.facebook.com/?feed_demo_ad=120224719536490627&h=AQAhE_QBcl0Tb5Ceh_g,2025-08-13,2025-08-13
2025-08-13,"Ad - FLA FB Video 77 V3",37.75,"Website purchases",1,1681,50,727,7.2,5,84,1610,https://www.facebook.com/?feed_demo_ad=120224720074470627&h=AQANb5CpTeBK-yKL9dI,2025-08-13,2025-08-13
2025-08-13,"Ad - FLA FB Video 60 V2",201.73,"Website purchases",10,9891,120,1635,120.89,3,266,9623,https://www.facebook.com/?feed_demo_ad=120229032849780627&h=AQB085_ipEUAlOu8P10,2025-08-13,2025-08-13
2025-08-13,"Ad - FLA FB Video 65 V5.1",5.78,"Website purchases",5,233,20,47,86.78,8,11,215,https://www.facebook.com/?feed_demo_ad=120229974043940627&h=AQD1Ibqw2x4LA2u7uz8,2025-08-13,2025-08-13
2025-08-13,"Ad - FLA FB Video 60 V5",1197.65,"Website purchases",65,59586,727,10313,1721.05,3,1627,57861,https://www.facebook.com/?feed_demo_ad=120229033018890627&h=AQCIwwzsk6r6LIiCD_Q,2025-08-13,2025-08-13
2025-08-13,"Ad - FLA FB Image 27",0.2,,,8,,,,,,,https://www.facebook.com/?feed_demo_ad=120230727848180627&h=AQB0DM9ujl9uDjfJoDw,2025-08-13,2025-08-13
2025-08-13,"Ad - FLA FB Video 60 V5.1",167.29,"Website purchases",6,8007,118,1353,138.15,3,233,7776,https://www.facebook.com/?feed_demo_ad=120229033040700627&h=AQBu0HAomij4B9d2180,2025-08-13,2025-08-13
2025-08-13,"Ad - FLA FB Image 31",2.9,,,154,11,,,,,,https://www.facebook.com/?feed_demo_ad=120232572095270627&h=AQC0fHI1DQvz0kDVWyw,2025-08-13,2025-08-13
2025-08-13,"Ad - FLA FB Image 32",1.54,,,92,,,,,,,https://www.facebook.com/?feed_demo_ad=120232572095310627&h=AQBo-6ITMk50oiYHaAA,2025-08-13,2025-08-13
2025-08-13,"Ad - FLA FB Image 33",1.45,,,78,5,,,,,,https://www.facebook.com/?feed_demo_ad=120232572095320627&h=AQC3wDLBPk8MlnICdM0,2025-08-13,2025-08-13
2025-08-13,"Ad - FLA FB Image 34",1.94,,,111,15,,,,,,https://www.facebook.com/?feed_demo_ad=120232572095330627&h=AQC_H7ESyTwjZHRGEGw,2025-08-13,2025-08-13
2025-08-13,"Ad - FLA FB Image 35",1.18,,,41,2,,,,,,https://www.facebook.com/?feed_demo_ad=120232571994400627&h=AQCgD4h27cdH2I_Gtkc,2025-08-13,2025-08-13
2025-08-13,"Ad - FLA FB Image 34",20.73,"Website purchases",1,760,83,,20,,,,https://www.facebook.com/?feed_demo_ad=120232571917450627&h=AQA_1W1ZkqSEu0k7GO8,2025-08-13,2025-08-13
2025-08-13,"Ad - FLA FB Image 33",9.56,,,578,17,,,,,,https://www.facebook.com/?feed_demo_ad=120232571818480627&h=AQDLSVqEiR6mzAbJUUE,2025-08-13,2025-08-13
2025-08-13,"Ad - FLA FB Image 32",2.57,,,86,4,,,,,,https://www.facebook.com/?feed_demo_ad=120232571747640627&h=AQBbBx2wQQYy2gza918,2025-08-13,2025-08-13
2025-08-13,"Ad - FLA FB Image 31",0.7,,,33,1,,,,,,https://www.facebook.com/?feed_demo_ad=120232571342650627&h=AQBGAkA1hoExdg12Txk,2025-08-13,2025-08-13
2025-08-13,"Ad - FLA FB Video 73 V1.2",1.79,,,85,20,47,,18,38,70,https://www.facebook.com/?feed_demo_ad=120232089455490627&h=AQDu8gwhbUHourLvxoQ,2025-08-13,2025-08-13
2025-08-13,"Ad - FLA FB Video 73 V2",0.06,,,4,1,1,,16,1,1,https://www.facebook.com/?feed_demo_ad=120232089455440627&h=AQBZkz_50qyJ5IGZyU0,2025-08-13,2025-08-13
2025-08-13,"Ad - FLA FB Video 73 V3",0.58,,,44,6,16,,16,12,23,https://www.facebook.com/?feed_demo_ad=120232089455410627&h=AQBnUXdqYCOSObYF0ac,2025-08-13,2025-08-13
2025-08-13,"Ad - FLA FB Video 73 V1.2",0.01,,,1,,,,1,,1,https://www.facebook.com/?feed_demo_ad=120232088259530627&h=AQC8dsbP6ZXOwQ3YpEQ,2025-08-13,2025-08-13
2025-08-13,"Ad - FLA FB Image 35",0.86,,,78,,,,,,,https://www.facebook.com/?feed_demo_ad=120232572095250627&h=AQBRT56ag_Qyligh9e4,2025-08-13,2025-08-13
2025-08-13,"Ad - FLA FB Image 28",0.92,,,51,5,,,,,,https://www.facebook.com/?feed_demo_ad=120230727848120627&h=AQDgj7Vjpu4wHtepMVM,2025-08-13,2025-08-13
2025-08-13,"Ad - FLA FB Video 60 V5",96.99,"Website purchases",3,4732,30,612,133.71,2,66,4515,https://www.facebook.com/?feed_demo_ad=120229033662710627&h=AQBTC8iPamSg5fRyBqY,2025-08-13,2025-08-13
2025-08-13,"Ad - FLA FB Image 29",0.04,,,4,,,,,,,https://www.facebook.com/?feed_demo_ad=120230727848150627&h=AQBp5PW-ZN6930lY3V8,2025-08-13,2025-08-13
2025-08-13,"Ad - FLA FB Video 64 V5",154.59,"Website purchases",13,5869,158,954,297.88,4,174,5615,https://www.facebook.com/?feed_demo_ad=120229033528860627&h=AQC5CbMuZgvdx2m8AoA,2025-08-13,2025-08-13
2025-08-13,"Ad - FLA FB Video 64 V5.1",98.29,"Website purchases",7,4480,148,774,101.49,4,136,4366,https://www.facebook.com/?feed_demo_ad=120229033575960627&h=AQApniKOTnrjr3Omcr8,2025-08-13,2025-08-13
2025-08-13,"Ad - FLA FB Video 60 V5.1",0.27,,,18,,1,,1,,17,https://www.facebook.com/?feed_demo_ad=120229033662660627&h=AQAskn8jKz5hvgUhNfg,2025-08-13,2025-08-13
2025-08-13,"Ad - FLA FB Video 64 V5.1",0.22,,,13,,3,,4,,10,https://www.facebook.com/?feed_demo_ad=120229033662760627&h=AQAUB66TmWb_xKFvQgo,2025-08-13,2025-08-13
2025-08-13,"Ad - FLA FB Video 60 V2",9.9,"Website purchases",1,437,3,58,5.04,6,16,394,https://www.facebook.com/?feed_demo_ad=120229033662690627&h=AQCfmFPjBYTyM1zklI0,2025-08-13,2025-08-13
2025-08-13,"Ad - FLA FB Video 64 V2",1680.26,"Website purchases",89,73535,1241,14511,1260.91,3,1256,66869,https://www.facebook.com/?feed_demo_ad=120229033210670627&h=AQCe5Vx3KKAjJusfs-k,2025-08-13,2025-08-13
2025-08-13,"Ad - FLA FB Video 64 V2",355.07,"Website purchases",21,14849,304,2794,291.99,3,319,13498,https://www.facebook.com/?feed_demo_ad=120229033662770627&h=AQDnck-3ZI0el9IlyRo,2025-08-13,2025-08-13
2025-08-13,"Ad - FLA FB Video 60 V5",126.55,"Website purchases",7,6563,81,876,337.75,2,127,6326,https://www.facebook.com/?feed_demo_ad=120229033662730627&h=AQAOB3ffGFje7a9KSf8,2025-08-13,2025-08-13
2025-08-13,"Ad - FLA FB Video 65 V1",0,,,1,,,,1,,1,https://www.facebook.com/?feed_demo_ad=120229972629160627&h=AQCGP9_HQD_Me5GetNk,2025-08-13,2025-08-13
2025-08-13,"Ad - FLA FB Video 65 V1",0.62,,,33,,7,,4,,27,https://www.facebook.com/?feed_demo_ad=120229974043980627&h=AQDhBeGNgjcBPEJUdiE,2025-08-13,2025-08-13
2025-08-13,"Ad - FLA FB Image 30",0.17,,,2,1,,,,,,https://www.facebook.com/?feed_demo_ad=120230727848100627&h=AQC6b_5lFVjZZhYQJUI,2025-08-13,2025-08-13
2025-08-13,"Ad - FLA FB Video 64 V1",206.72,"Website purchases",11,7299,118,889,294.2,3,123,6633,https://www.facebook.com/?feed_demo_ad=120229033662670627&h=AQC9vWmNpuVA4k1LkfE,2025-08-13,2025-08-13
2025-08-12,"Ad - FLA FB Video 54 V2",0.6,,,17,,3,,4,,15,https://www.facebook.com/?feed_demo_ad=120227907471110627&h=AQAYgqZuJucNo4FUMCU,2025-08-12,2025-08-12
2025-08-12,"Ad - FLA FB Image 5 V14",193.09,"Website purchases",8,6804,65,,79.3,,,,https://www.facebook.com/?feed_demo_ad=120226240542050627&h=AQASX0QTdVHWjHaOPlY,2025-08-12,2025-08-12
2025-08-12,"Ad - FLA FB Image 22 V14",115.46,"Website purchases",6,7350,40,,167.8,,,,https://www.facebook.com/?feed_demo_ad=120226866294590627&h=AQAu_L1xk_kdr63jmz4,2025-08-12,2025-08-12
2025-08-12,"Ad - FLA FB Image 22 V14",5.02,,,279,2,,,,,,https://www.facebook.com/?feed_demo_ad=120226866104570627&h=AQA5r6F7Aquy52B6Smk,2025-08-12,2025-08-12
2025-08-12,"Ad - FLA FB Video 54 V3",50.86,"Website purchases",1,2072,129,460,90.51,5,108,1997,https://www.facebook.com/?feed_demo_ad=120227907691960627&h=AQBaRgI-_w3yZbMat_g,2025-08-12,2025-08-12
2025-08-12,"Ad - FLA FB Video 54 V5.1",2.76,,,97,8,29,,6,4,92,https://www.facebook.com/?feed_demo_ad=120227907894500627&h=AQBPqgtma9K3anyOjxA,2025-08-12,2025-08-12
2025-08-12,"Ad - FLA FB Video 54 V5.1",12.16,,,629,29,79,,3,23,549,https://www.facebook.com/?feed_demo_ad=120227916560680627&h=AQAopBjtmtwNHgvHRMI,2025-08-12,2025-08-12
2025-08-12,"Ad - FLA FB Video 54 V1",3.75,"Website purchases",1,135,2,19,5,2,2,130,https://www.facebook.com/?feed_demo_ad=120227916189730627&h=AQAhf__pXF4eKPZjeu4,2025-08-12,2025-08-12
2025-08-12,"Ad - FLA FB Video 54 V5",5.04,,,180,47,92,,13,32,167,https://www.facebook.com/?feed_demo_ad=120227907169940627&h=AQCs8_LwmxQtpU-qjEc,2025-08-12,2025-08-12
2025-08-12,"Ad - FLA FB Video 60 V1",51.89,"Website purchases",2,2875,82,608,8,4,130,2808,https://www.facebook.com/?feed_demo_ad=120229032155890627&h=AQCDv4MyrC0CL0Zg0gQ,2025-08-12,2025-08-12
2025-08-12,"Ad - FLA FB Video 60 V2",686.66,"Website purchases",21,30894,340,5100,421.49,3,759,30052,https://www.facebook.com/?feed_demo_ad=120229032849780627&h=AQB085_ipEUAlOu8P10,2025-08-12,2025-08-12
2025-08-12,"Ad - FLA FB Video 60 V5",66.3,"Website purchases",1,3363,92,687,115.68,4,144,3305,https://www.facebook.com/?feed_demo_ad=120229032912620627&h=AQDKdujTMxQK4LY31Tg,2025-08-12,2025-08-12
2025-08-12,"Ad - FLA FB Video 91 V1",28.86,"Website purchases",2,743,91,243,20.7,9,36,489,https://www.facebook.com/?feed_demo_ad=120225703103940627&h=AQDdY0ZJdVwOi0pquvI,2025-08-12,2025-08-12
2025-08-12,"Ad - FLA FB Video 60 V5",1122.91,"Website purchases",44,61379,705,10389,1019.2,3,1355,59782,https://www.facebook.com/?feed_demo_ad=120229033018890627&h=AQCIwwzsk6r6LIiCD_Q,2025-08-12,2025-08-12
2025-08-12,"Ad - FLA FB Image 5 V14",1453.87,"Website purchases",61,39086,531,,1377.23,,,,https://www.facebook.com/?feed_demo_ad=120226240213050627&h=AQCkSm8n-cShM_tfsTY,2025-08-12,2025-08-12
2025-08-12,"Ad - FLA FB Video 77 V1",236.38,"Website purchases",8,9345,183,2307,164.93,5,246,5661,https://www.facebook.com/?feed_demo_ad=120224719060270627&h=AQBwDlw0DggBlrkodDM,2025-08-12,2025-08-12
2025-08-12,"Ad - FLA FB Video 77 V1",103.91,"Website purchases",11,4094,65,1235,370.16,4,98,3439,https://www.facebook.com/?feed_demo_ad=120224720837550627&h=AQAlhbGzwZILkvswmdQ,2025-08-12,2025-08-12
2025-08-12,"Ad - FLA FB Video 89 V1",185.71,"Website purchases",4,4586,294,1741,210.54,6,580,3796,https://www.facebook.com/?feed_demo_ad=120221413007090627&h=AQBrg-oz61gLxpdJybo,2025-08-12,2025-08-12
2025-08-12,"Ad - FLA FB Video 64 V2",1805.25,"Website purchases",110,77999,1291,15682,1525.06,3,1138,71750,https://www.facebook.com/?feed_demo_ad=120229033210670627&h=AQCe5Vx3KKAjJusfs-k,2025-08-12,2025-08-12
2025-08-12,"Ad - FLA FB Image 6 V14",2067.21,"Website purchases",84,52023,657,,1546.98,,,,https://www.facebook.com/?feed_demo_ad=120217139546990627&h=AQCcZZDQ6MfL9CWFESA,2025-08-12,2025-08-12
2025-08-12,"Ad - FLA FB Image 6 V14",237.14,"Website purchases",9,5829,73,,217.27,,,,https://www.facebook.com/?feed_demo_ad=120216353077850627&h=AQCm7uQkpxB3K2YqRWE,2025-08-12,2025-08-12
2025-08-12,"Ad - FLA FB Image 6 V14",192.39,"Website purchases",4,4088,48,,76.99,,,,https://www.facebook.com/?feed_demo_ad=120216352965810627&h=AQBFA43azxNWyutcWbM,2025-08-12,2025-08-12
2025-08-12,"Ad - FLA FB Image 6 V14",1272.69,"Website purchases",51,23414,623,,1160.47,,,,https://www.facebook.com/?feed_demo_ad=120217139460020627&h=AQAJDBl0jCnPWfcNkjU,2025-08-12,2025-08-12
2025-08-12,"Ad - FLA FB Image 6 V14",137.87,"Website purchases",5,3159,17,,89.77,,,,https://www.facebook.com/?feed_demo_ad=120216092019000627&h=AQDhL_bHAuYt2moMY0w,2025-08-12,2025-08-12
2025-08-12,"Ad - FLA FB Video 89 V5.1",54.92,,,2448,263,887,,8,320,1686,https://www.facebook.com/?feed_demo_ad=120221415977250627&h=AQAP9Rg2CxRxZVYQ9DQ,2025-08-12,2025-08-12
2025-08-12,"Ad - FLA FB Video 77 V3",14.36,,,622,13,220,,4,20,601,https://www.facebook.com/?feed_demo_ad=120224720837520627&h=AQA3scIgwpxP5NDXoqY,2025-08-12,2025-08-12
2025-08-12,"Ad - FLA FB Video 89 V1",328.38,"Website purchases",13,7209,295,1889,385.79,5,582,5519,https://www.facebook.com/?feed_demo_ad=120221416279020627&h=AQAQN53RcnoFo4rgXkA,2025-08-12,2025-08-12
2025-08-12,"Ad - FLA FB Video 77 V2",56.87,"Website purchases",6,3264,69,1386,225.77,4,113,3215,https://www.facebook.com/?feed_demo_ad=120224719536490627&h=AQAhE_QBcl0Tb5Ceh_g,2025-08-12,2025-08-12
2025-08-12,"Ad - FLA FB Video 77 V3",38.01,"Website purchases",2,1684,40,765,20,5,81,1626,https://www.facebook.com/?feed_demo_ad=120224720074470627&h=AQANb5CpTeBK-yKL9dI,2025-08-12,2025-08-12
2025-08-12,"Ad - FLA FB Video 77 V2",8.19,,,395,25,177,,6,19,385,https://www.facebook.com/?feed_demo_ad=120224720703570627&h=AQDqCWzneStv7Qv6Bpc,2025-08-12,2025-08-12
2025-08-12,"Ad - FLA FB Video 77 V1",2273.47,"Website purchases",122,85516,1804,31145,2554.56,5,2895,68430,https://www.facebook.com/?feed_demo_ad=120224720703580627&h=AQAeVKYf3MZf3TgKBv8,2025-08-12,2025-08-12
2025-08-12,"Ad - FLA FB Video 77 V1",219.71,"Website purchases",14,8581,75,1935,380.23,3,116,6165,https://www.facebook.com/?feed_demo_ad=120224720816790627&h=AQB7IEcajFtRCSHraqc,2025-08-12,2025-08-12
2025-08-12,"Ad - FLA FB Video 60 V5.1",131.71,"Website purchases",6,6289,86,1094,433.07,3,183,6136,https://www.facebook.com/?feed_demo_ad=120229033040700627&h=AQBu0HAomij4B9d2180,2025-08-12,2025-08-12
2025-08-12,"Ad - FLA FB Image 9 V14",38.28,"Website purchases",3,1576,41,,17.67,,,,https://www.facebook.com/?feed_demo_ad=120216353077800627&h=AQDLu73gWn84I5EbW5Y,2025-08-12,2025-08-12
2025-08-12,"Ad - FLA FB Video 64 V5",263.13,"Website purchases",16,10502,249,1665,267.37,4,277,10190,https://www.facebook.com/?feed_demo_ad=120229033528860627&h=AQC5CbMuZgvdx2m8AoA,2025-08-12,2025-08-12
2025-08-12,"Ad - FLA FB Video 73 V3",0,,,1,,,,,,,https://www.facebook.com/?feed_demo_ad=120232088681850627&h=AQDyHXjXq44IK_VuiyA,2025-08-12,2025-08-12
2025-08-12,"Ad - FLA FB Image 35",3.16,,,194,5,,,,,,https://www.facebook.com/?feed_demo_ad=120232572095250627&h=AQBRT56ag_Qyligh9e4,2025-08-12,2025-08-12
2025-08-12,"Ad - FLA FB Image 31",5.95,,,248,1,,,,,,https://www.facebook.com/?feed_demo_ad=120232572095270627&h=AQC0fHI1DQvz0kDVWyw,2025-08-12,2025-08-12
2025-08-12,"Ad - FLA FB Image 32",4.57,"Website purchases",2,129,4,,7,,,,https://www.facebook.com/?feed_demo_ad=120232572095310627&h=AQBo-6ITMk50oiYHaAA,2025-08-12,2025-08-12
2025-08-12,"Ad - FLA FB Image 33",2.52,,,270,2,,,,,,https://www.facebook.com/?feed_demo_ad=120232572095320627&h=AQC3wDLBPk8MlnICdM0,2025-08-12,2025-08-12
2025-08-12,"Ad - FLA FB Image 34",1.46,,,205,5,,,,,,https://www.facebook.com/?feed_demo_ad=120232572095330627&h=AQC_H7ESyTwjZHRGEGw,2025-08-12,2025-08-12
2025-08-12,"Ad - FLA FB Image 35",21.88,,,1079,22,,,,,,https://www.facebook.com/?feed_demo_ad=120232571994400627&h=AQCgD4h27cdH2I_Gtkc,2025-08-12,2025-08-12
2025-08-12,"Ad - FLA FB Image 34",14.04,,,728,21,,,,,,https://www.facebook.com/?feed_demo_ad=120232571917450627&h=AQA_1W1ZkqSEu0k7GO8,2025-08-12,2025-08-12
2025-08-12,"Ad - FLA FB Image 33",21.23,"Website purchases",2,1229,40,,63.21,,,,https://www.facebook.com/?feed_demo_ad=120232571818480627&h=AQDLSVqEiR6mzAbJUUE,2025-08-12,2025-08-12
2025-08-12,"Ad - FLA FB Image 32",38.71,"Website purchases",3,1199,43,,60.58,,,,https://www.facebook.com/?feed_demo_ad=120232571747640627&h=AQBbBx2wQQYy2gza918,2025-08-12,2025-08-12
2025-08-12,"Ad - FLA FB Image 31",57.86,"Website purchases",1,1692,48,,20,,,,https://www.facebook.com/?feed_demo_ad=120232571342650627&h=AQBGAkA1hoExdg12Txk,2025-08-12,2025-08-12
2025-08-12,"Ad - FLA FB Video 73 V1.2",2.26,"Website purchases",2,98,9,25,66.45,11,18,60,https://www.facebook.com/?feed_demo_ad=120232089455490627&h=AQDu8gwhbUHourLvxoQ,2025-08-12,2025-08-12
2025-08-12,"Ad - FLA FB Video 73 V2",0.52,,,32,9,16,,20,12,22,https://www.facebook.com/?feed_demo_ad=120232089455440627&h=AQBZkz_50qyJ5IGZyU0,2025-08-12,2025-08-12
2025-08-12,"Ad - FLA FB Video 73 V1.1",0,,,1,,,,,,,https://www.facebook.com/?feed_demo_ad=120232089455500627&h=AQCvY9-d0crDwIHDPgs,2025-08-12,2025-08-12
2025-08-12,"Ad - FLA FB Video 73 V3",1.03,,,75,25,39,,14,32,47,https://www.facebook.com/?feed_demo_ad=120232089455410627&h=AQBnUXdqYCOSObYF0ac,2025-08-12,2025-08-12
2025-08-12,"Ad - FLA FB Video 73 V2",0.01,,,2,1,1,,4,,2,https://www.facebook.com/?feed_demo_ad=120232088622850627&h=AQDJ5_SPtJPAhxjnHL0,2025-08-12,2025-08-12
2025-08-12,"Ad - FLA FB Video 64 V5.1",113.54,"Website purchases",5,5710,160,963,44.68,4,164,5619,https://www.facebook.com/?feed_demo_ad=120229033575960627&h=AQApniKOTnrjr3Omcr8,2025-08-12,2025-08-12
2025-08-12,"Ad - FLA FB Video 60 V5",63.92,"Website purchases",5,3479,45,487,159.07,2,71,3343,https://www.facebook.com/?feed_demo_ad=120229033662730627&h=AQAOB3ffGFje7a9KSf8,2025-08-12,2025-08-12
2025-08-12,"Ad - FLA FB Video 60 V5.1",5.92,,,327,,27,,2,2,320,https://www.facebook.com/?feed_demo_ad=120229033662660627&h=AQAskn8jKz5hvgUhNfg,2025-08-12,2025-08-12
2025-08-12,"Ad - FLA FB Video 64 V5.1",0.13,,,12,,,,1,,6,https://www.facebook.com/?feed_demo_ad=120229033662760627&h=AQAUB66TmWb_xKFvQgo,2025-08-12,2025-08-12
2025-08-12,"Ad - FLA FB Video 60 V2",6.52,,,287,2,37,,2,4,265,https://www.facebook.com/?feed_demo_ad=120229033662690627&h=AQCfmFPjBYTyM1zklI0,2025-08-12,2025-08-12
2025-08-12,"Ad - FLA FB Video 60 V5",153.84,"Website purchases",6,6576,47,878,106.74,2,108,6325,https://www.facebook.com/?feed_demo_ad=120229033662710627&h=AQBTC8iPamSg5fRyBqY,2025-08-12,2025-08-12
2025-08-12,"Ad - FLA FB Video 64 V2",417.56,"Website purchases",23,16973,441,3228,238.46,3,350,15489,https://www.facebook.com/?feed_demo_ad=120229033662770627&h=AQDnck-3ZI0el9IlyRo,2025-08-12,2025-08-12
2025-08-12,"Ad - FLA FB Video 64 V1",224.22,"Website purchases",15,7740,180,987,122.63,3,168,7174,https://www.facebook.com/?feed_demo_ad=120229033662670627&h=AQC9vWmNpuVA4k1LkfE,2025-08-12,2025-08-12
2025-08-12,"Ad - FLA FB Video 65 V1",0.41,,,9,,2,,6,1,9,https://www.facebook.com/?feed_demo_ad=120229972629160627&h=AQCGP9_HQD_Me5GetNk,2025-08-12,2025-08-12
2025-08-12,"Ad - FLA FB Video 73 V1.2",0.01,,,1,,1,,5,,1,https://www.facebook.com/?feed_demo_ad=120232088259530627&h=AQC8dsbP6ZXOwQ3YpEQ,2025-08-12,2025-08-12
2025-08-12,"Ad - FLA FB Video 65 V1",7.72,,,215,18,59,,8,9,182,https://www.facebook.com/?feed_demo_ad=120229974043980627&h=AQDhBeGNgjcBPEJUdiE,2025-08-12,2025-08-12
2025-08-12,"Ad - FLA FB Video 65 V5.1",3.87,,,151,3,19,,3,4,138,https://www.facebook.com/?feed_demo_ad=120229974043940627&h=AQD1Ibqw2x4LA2u7uz8,2025-08-12,2025-08-12
2025-08-12,"Ad - FLA FB Image 30",0.03,,,1,,,,,,,https://www.facebook.com/?feed_demo_ad=120230727848100627&h=AQC6b_5lFVjZZhYQJUI,2025-08-12,2025-08-12
2025-08-12,"Ad - FLA FB Image 29",0.04,,,4,,,,,,,https://www.facebook.com/?feed_demo_ad=120230727848150627&h=AQBp5PW-ZN6930lY3V8,2025-08-12,2025-08-12
2025-08-12,"Ad - FLA FB Image 28",0.66,,,41,4,,,,,,https://www.facebook.com/?feed_demo_ad=120230727848120627&h=AQDgj7Vjpu4wHtepMVM,2025-08-12,2025-08-12
2025-08-12,"Ad - FLA FB Image 27",0.03,,,4,,,,,,,https://www.facebook.com/?feed_demo_ad=120230727848180627&h=AQB0DM9ujl9uDjfJoDw,2025-08-12,2025-08-12
2025-08-12,"Ad - FLA FB Image 13 V14",1701.58,"Website purchases",97,64491,873,,1624.61,,,,https://www.facebook.com/?feed_demo_ad=120218959258840627&h=AQDMGL91vwfKks1Sjhw,2025-08-12,2025-08-12
